,atc_code,chembl_id
0,N03AX21,CHEMBL41355
1,J02AC05,CHEMBL409153
2,N06AB03,CHEMBL41
3,M01AX21,CHEMBL41286
4,L04AA10,CHEMBL413
5,S01XA23,CHEMBL413
6,N06AA04,CHEMBL415
7,L02BX02,CHEMBL415606
8,D05BA02,CHEMBL416
9,D05AD02,CHEMBL416
10,M01AH05,CHEMBL416146
11,P01BC02,CHEMBL416956
12,L01DB03,CHEMBL417
13,L01XH04,CHEMBL408513
14,V03AB25,CHEMBL407
15,J01DI04,CHEMBL3989974
16,L01EH03,CHEMBL3989868
17,L01XX59,CHEMBL3989908
18,N03AX25,CHEMBL3989949
19,L01XX62,CHEMBL3989958
20,D06AX14,CHEMBL3990047
21,L01DC01,CHEMBL403664
22,J01CG02,CHEMBL404
23,N05CA03,CHEMBL404422
24,D11AX24,CHEMBL406393
25,D06BA03,CHEMBL419
26,A07EC01,CHEMBL421
27,J01EC02,CHEMBL439
28,C09AA11,CHEMBL431
29,A10BK01,CHEMBL429910
30,L01XX01,CHEMBL43
31,J01MA15,CHEMBL430
32,N07CA02,CHEMBL43064
33,N07CA52,CHEMBL43064
34,N04CX01,CHEMBL431770
35,C01CA02,CHEMBL434
36,R03CB51,CHEMBL434
37,R03AB02,CHEMBL434
38,R03CB01,CHEMBL434
39,C07AB12,CHEMBL434394
40,L04AX06,CHEMBL43452
41,C03AX01,CHEMBL435
42,C03AA03,CHEMBL435
43,S02AA12,CHEMBL437765
44,A07AA13,CHEMBL437765
45,J04AB03,CHEMBL437765
46,D06AX15,CHEMBL437765
47,S01AA16,CHEMBL437765
48,N06BA14,CHEMBL4297620
49,M09AX10,CHEMBL4297528
50,L01EX19,CHEMBL4216467
51,R03BC01,CHEMBL428880
52,R01AC01,CHEMBL428880
53,A07EB01,CHEMBL428880
54,D11AH03,CHEMBL428880
55,R01AC51,CHEMBL428880
56,S01GX01,CHEMBL428880
57,S01GX51,CHEMBL428880
58,N05AB06,CHEMBL422
59,S01BC08,CHEMBL424
60,D01AE12,CHEMBL424
61,A07EC03,CHEMBL425
62,L01AA05,CHEMBL427
63,A10BB09,CHEMBL427216
64,N05CD14,CHEMBL4297526
65,L02BB06,CHEMBL4297185
66,J05AX25,CHEMBL4297503
67,L01XX69,CHEMBL4297516
68,L01EX20,CHEMBL4297522
69,V09IX01,CHEMBL3989523
70,C10AX12,CHEMBL354541
71,L01XX66,CHEMBL3545185
72,L01ED04,CHEMBL3545311
73,L01EX16,CHEMBL3545376
74,C02DB01,CHEMBL35505
75,P01BD01,CHEMBL36
76,P01BD51,CHEMBL36
77,A08AA11,CHEMBL360328
78,P01BE03,CHEMBL361497
79,L04AA44,CHEMBL3622821
80,H05BX04,CHEMBL3545184
81,V09AB03,CHEMBL3989517
82,R05DA06,CHEMBL346331
83,V09IX05,CHEMBL3400972
84,L04AX03,CHEMBL34259
85,L01BA01,CHEMBL34259
86,L01XH02,CHEMBL343448
87,C03XA01,CHEMBL344159
88,C10AD06,CHEMBL345714
89,N02CX05,CHEMBL346977
90,C01AA01,CHEMBL3545057
91,C03CA03,CHEMBL349803
92,C03CA01,CHEMBL35
93,N06AX01,CHEMBL350221
94,N07XX05,CHEMBL354077
95,A07AA06,CHEMBL370143
96,A12AA08,CHEMBL3707206
97,L04AA38,CHEMBL3707247
98,L01EX12,CHEMBL3889654
99,A07EA02,CHEMBL389621
100,S01CB03,CHEMBL389621
101,D07XA01,CHEMBL389621
102,S01BA02,CHEMBL389621
103,D07AA02,CHEMBL389621
104,A01AC03,CHEMBL389621
105,R01AD60,CHEMBL389621
106,C05AA01,CHEMBL389621
107,H02AB09,CHEMBL389621
108,S02BA01,CHEMBL389621
109,N06AX27,CHEMBL395091
110,N01AX14,CHEMBL395091
111,R05CB03,CHEMBL396416
112,D10AD06,CHEMBL3707313
113,N04BD03,CHEMBL396778
114,B01AA07,CHEMBL397420
115,B01AC24,CHEMBL398435
116,D08AE05,CHEMBL398440
117,J01XX09,CHEMBL387675
118,G03BA03,CHEMBL386630
119,A10BB08,CHEMBL383634
120,R03BB08,CHEMBL3833319
121,L01EX15,CHEMBL3813873
122,J04AK05,CHEMBL376488
123,A10BH04,CHEMBL376359
124,J01XC01,CHEMBL374975
125,S01AA13,CHEMBL374975
126,D06AX01,CHEMBL374975
127,D09AA02,CHEMBL374975
128,J05AF11,CHEMBL374731
129,J04AB02,CHEMBL374478
130,S01AA22,CHEMBL373081
131,J01GA01,CHEMBL372795
132,A07AA04,CHEMBL372795
133,A07AA54,CHEMBL372795
134,N01BC01,CHEMBL370805
135,S02DA02,CHEMBL370805
136,S01HA01,CHEMBL370805
137,R02AD03,CHEMBL370805
138,D06BA06,CHEMBL438
139,J01ED07,CHEMBL438
140,N06AX24,CHEMBL439849
141,L01EB04,CHEMBL3353410
142,J01DD12,CHEMBL507674
143,C10AA02,CHEMBL503
144,G04BX13,CHEMBL504
145,M02AX03,CHEMBL504
146,C01EB02,CHEMBL504760
147,R06AB54,CHEMBL505
148,R06AB04,CHEMBL505
149,P01BA03,CHEMBL506
150,J01CR04,CHEMBL506110
151,J01XA03,CHEMBL507870
152,N06DA02,CHEMBL502
153,D08AK06,CHEMBL508338
154,M01AG04,CHEMBL509
155,M02AA18,CHEMBL509
156,N05CM12,CHEMBL509282
157,R06AC01,CHEMBL511
158,D04AA02,CHEMBL511
159,B01AF04,CHEMBL512351
160,L01EX09,CHEMBL502835
161,J05AP05,CHEMBL501849
162,L01AD02,CHEMBL514
163,B01AC26,CHEMBL493982
164,N05BE01,CHEMBL49
165,N06AB05,CHEMBL490
166,R03AC14,CHEMBL49080
167,R03CC13,CHEMBL49080
168,J01DH04,CHEMBL491571
169,N01BB57,CHEMBL492
170,N01BB07,CHEMBL492
171,M01AX05,CHEMBL493287
172,G04BE01,CHEMBL495
173,C01EA01,CHEMBL495
174,J02AX04,CHEMBL499808
175,C07AA03,CHEMBL500
176,J01DI02,CHEMBL501122
177,L01AD01,CHEMBL513
178,D02BA01,CHEMBL542
179,S02AA10,CHEMBL539
180,G01AD02,CHEMBL539
181,N05AF05,CHEMBL53904
182,B01AE07,CHEMBL539697
183,N05AD01,CHEMBL54
184,L01EX01,CHEMBL535
185,V03AC03,CHEMBL550348
186,A03AD02,CHEMBL551978
187,L01EB02,CHEMBL553
188,L01CA04,CHEMBL553025
189,D11AX11,CHEMBL537
190,R06AX17,CHEMBL534
191,S01GX08,CHEMBL534
192,L04AA32,CHEMBL514800
193,L01XK01,CHEMBL521686
194,L01AA02,CHEMBL515
195,C09AA08,CHEMBL515606
196,R06AX02,CHEMBL516
197,C01BA03,CHEMBL517
198,C08CA10,CHEMBL517427
199,C01CA10,CHEMBL524
200,C01BD05,CHEMBL533
201,A03AB12,CHEMBL524004
202,N07XX59,CHEMBL52440
203,R05DA09,CHEMBL52440
204,M01AC01,CHEMBL527
205,M02AA07,CHEMBL527
206,S01BC06,CHEMBL527
207,J01FA10,CHEMBL529
208,S01AA26,CHEMBL529
209,N04BC07,CHEMBL53
210,G04BE07,CHEMBL53
211,S01AA17,CHEMBL532
212,J01FA01,CHEMBL532
213,D10AF02,CHEMBL532
214,D10AF52,CHEMBL532
215,D01AE16,CHEMBL489411
216,L01AA09,CHEMBL487253
217,N02AA59,CHEMBL485
218,N02AA79,CHEMBL485
219,R05DA04,CHEMBL485
220,J01EB05,CHEMBL453
221,S01AB02,CHEMBL453
222,N03AA01,CHEMBL45029
223,L01CX01,CHEMBL450449
224,A07AA02,CHEMBL450895
225,D01AA01,CHEMBL450895
226,G01AA01,CHEMBL450895
227,G01AA51,CHEMBL450895
228,N05BA02,CHEMBL451
229,N03AE01,CHEMBL452
230,L01CB02,CHEMBL452231
231,J01FA02,CHEMBL453514
232,C01EB09,CHEMBL454801
233,S01AB04,CHEMBL455
234,D10AF06,CHEMBL455
235,N05CC01,CHEMBL455917
236,C03CC01,CHEMBL456
237,J04AK02,CHEMBL44884
238,D11AH06,CHEMBL484785
239,J01DD02,CHEMBL44354
240,N01AF03,CHEMBL441
241,N05CA19,CHEMBL441
242,A05BA08,CHEMBL441687
243,N02CA72,CHEMBL442
244,N02CA02,CHEMBL442
245,N02CA52,CHEMBL442
246,J01EC01,CHEMBL443
247,D01AE24,CHEMBL443052
248,R02AA12,CHEMBL443605
249,J04AB04,CHEMBL444633
250,N06AA10,CHEMBL445
251,J01EB03,CHEMBL446
252,D03AX12,CHEMBL446061
253,J02AX05,CHEMBL457547
254,C02AB01,CHEMBL459
255,L01XJ01,CHEMBL473417
256,C01DA55,CHEMBL466659
257,C01DA05,CHEMBL466659
258,L01XX05,CHEMBL467
259,G03XC02,CHEMBL46740
260,C07AA07,CHEMBL471
261,C01EB17,CHEMBL471737
262,A10BB01,CHEMBL472
263,J01DC05,CHEMBL474579
264,C08CA08,CHEMBL475534
265,L01EX03,CHEMBL477772
266,A02BC03,CHEMBL480
267,A02BC53,CHEMBL480
268,L01CE02,CHEMBL481
269,N05AG01,CHEMBL46516
270,N02BG06,CHEMBL465026
271,A04AD10,CHEMBL465
272,D11AX02,CHEMBL464982
273,D11AX52,CHEMBL464982
274,D05AC51,CHEMBL46469
275,D05AC01,CHEMBL46469
276,V04CH30,CHEMBL463
277,N07XX11,CHEMBL462605
278,B02BX05,CHEMBL461101
279,N01BX01,CHEMBL46058
280,C08CA09,CHEMBL460291
281,L01AB03,CHEMBL460282
282,N05AE02,CHEMBL460
283,A04AA01,CHEMBL46
284,S01EX05,CHEMBL4594250
285,M03AA02,CHEMBL339427
286,B01AC25,CHEMBL334966
287,L01EE02,CHEMBL2146883
288,A07DA06,CHEMBL2159122
289,S01EC03,CHEMBL218490
290,J04AK06,CHEMBL218650
291,J01EA01,CHEMBL22
292,N05CD06,CHEMBL22097
293,R06AB03,CHEMBL22108
294,D04AA13,CHEMBL22108
295,R06AE04,CHEMBL22150
296,J01GB10,CHEMBL221572
297,L01EM01,CHEMBL2216870
298,J05AX27,CHEMBL221722
299,S01LA01,CHEMBL2218885
300,L01XG03,CHEMBL2141296
301,C01BG11,CHEMBL2111112
302,C02KX05,CHEMBL2107834
303,J04AK03,CHEMBL2107553
304,C01DA13,CHEMBL2107583
305,C01DA63,CHEMBL2107583
306,A06AD21,CHEMBL2107781
307,J05AF13,CHEMBL2107825
308,A10BK03,CHEMBL2107830
309,B02BX07,CHEMBL2107831
310,V03AB35,CHEMBL2111107
311,B03BA51,CHEMBL2110563
312,B03BA01,CHEMBL2110563
313,A16AX10,CHEMBL2110588
314,L01EB07,CHEMBL2110732
315,N06BA05,CHEMBL1177
316,N05AX17,CHEMBL2111101
317,A04AD11,CHEMBL2218896
318,A06AH03,CHEMBL2219418
319,C05CA53,CHEMBL231884
320,C05CA03,CHEMBL231884
321,L04AA42,CHEMBL2336071
322,G03GB02,CHEMBL2355051
323,A11CC02,CHEMBL2356023
324,G02CX02,CHEMBL231068
325,M01AG03,CHEMBL23588
326,J05AG06,CHEMBL2364608
327,S01EE06,CHEMBL2364612
328,J01AA14,CHEMBL2364632
329,N07XX13,CHEMBL2364639
330,B01AF02,CHEMBL231779
331,S01BA09,CHEMBL2308885
332,D07AB01,CHEMBL2308885
333,C10AA04,CHEMBL2220442
334,J01CF05,CHEMBL222645
335,J05AH01,CHEMBL222813
336,J05AG03,CHEMBL223228
337,G01AC03,CHEMBL224325
338,R02AA11,CHEMBL224325
339,P01AA04,CHEMBL224325
340,D08AH02,CHEMBL224325
341,L01BA03,CHEMBL225071
342,J04AK08,CHEMBL227875
343,M03BX06,CHEMBL229128
344,A16AX13,CHEMBL2107381
345,N05CH03,CHEMBL2103822
346,S01EB08,CHEMBL20835
347,S01EB58,CHEMBL20835
348,L01BC03,CHEMBL20883
349,L01BC53,CHEMBL20883
350,V03AX03,CHEMBL2095208
351,D06BA05,CHEMBL21
352,J01EB06,CHEMBL21
353,G03CX01,CHEMBL2103774
354,C01CA27,CHEMBL2103827
355,B02BX09,CHEMBL2103830
356,G04BE11,CHEMBL2103849
357,D01AC19,CHEMBL2103877
358,B02BX08,CHEMBL2103883
359,A14AA02,CHEMBL2079587
360,G02CX05,CHEMBL2070241
361,L04AX07,CHEMBL2107333
362,C01EB15,CHEMBL203266
363,J05AP07,CHEMBL2023898
364,N05AX15,CHEMBL2028019
365,C09CA09,CHEMBL2028661
366,L01EC02,CHEMBL2028663
367,B06AC02,CHEMBL2028850
368,R03BA08,CHEMBL2040682
369,R01AD13,CHEMBL2040682
370,J05AP11,CHEMBL2063090
371,L01XJ03,CHEMBL2043437
372,J05AJ02,CHEMBL204656
373,C01CX08,CHEMBL2051955
374,A05AA03,CHEMBL205596
375,J01AA04,CHEMBL2103929
376,N02BA03,CHEMBL2104095
377,D07AB21,CHEMBL2106011
378,G03DB04,CHEMBL2105722
379,L01XJ02,CHEMBL2105737
380,A16AX09,CHEMBL2105745
381,A06AH05,CHEMBL2105755
382,N05AX16,CHEMBL2105760
383,A06AB09,CHEMBL2106004
384,A12AA03,CHEMBL2106119
385,D11AX03,CHEMBL2106119
386,C05CX02,CHEMBL2106794
387,G03BA03,CHEMBL2107067
388,V08AB11,CHEMBL2107212
389,V08AB10,CHEMBL2107214
390,V08AA05,CHEMBL2107239
391,M04AB05,CHEMBL2105720
392,L01EX07,CHEMBL2105717
393,D01AC18,CHEMBL2105689
394,M01AB07,CHEMBL2105456
395,R05DA08,CHEMBL2105224
396,N06AX26,CHEMBL2104993
397,A11HA32,CHEMBL2104786
398,R06AX21,CHEMBL2104445
399,P02CX03,CHEMBL2104415
400,N05BA10,CHEMBL2104356
401,N05AH06,CHEMBL304902
402,D09AA07,CHEMBL305906
403,B05CA01,CHEMBL305906
404,D08AJ03,CHEMBL305906
405,R02AA06,CHEMBL305906
406,M01CB01,CHEMBL306043
407,J05AG04,CHEMBL308954
408,R02AA14,CHEMBL310555
409,D08AH03,CHEMBL310555
410,G01AC30,CHEMBL310555
411,A01AB07,CHEMBL310555
412,S01GA53,CHEMBL312448
413,R01AA07,CHEMBL312448
414,R01AB06,CHEMBL312448
415,S01GA03,CHEMBL312448
416,S01AA11,CHEMBL3039597
417,S02AA14,CHEMBL3039597
418,J01GB03,CHEMBL3039597
419,S03AA06,CHEMBL3039597
420,D06AX07,CHEMBL3039597
421,L01XX52,CHEMBL3137309
422,J05AP09,CHEMBL3137312
423,L01XK04,CHEMBL3137320
424,C09AA09,CHEMBL3039598
425,N03AF04,CHEMBL315985
426,N07CA03,CHEMBL30008
427,A06AD11,CHEMBL296306
428,A06AD61,CHEMBL296306
429,N05AD07,CHEMBL297302
430,P01BA07,CHEMBL298470
431,A02BA51,CHEMBL30
432,A02BA01,CHEMBL30
433,N04BC05,CHEMBL301265
434,J05AP10,CHEMBL3039514
435,P01BE04,CHEMBL301267
436,M01AC02,CHEMBL302795
437,L01EM04,CHEMBL3039502
438,A10BK06,CHEMBL3039507
439,L01XX10,CHEMBL313972
440,A10BH05,CHEMBL237500
441,H01BB03,CHEMBL3301668
442,L01XG01,CHEMBL325041
443,J01XX12,CHEMBL3291398
444,L04AA45,CHEMBL3301607
445,L01EF03,CHEMBL3301610
446,L01EX13,CHEMBL3301622
447,A06AX04,CHEMBL3301675
448,C09AA15,CHEMBL331378
449,G01AC05,CHEMBL333826
450,D08AH01,CHEMBL333826
451,R02AA02,CHEMBL333826
452,L01EM02,CHEMBL3218576
453,A11DA03,CHEMBL3183549
454,J05AB15,CHEMBL31634
455,J01CA02,CHEMBL3182343
456,A02BA04,CHEMBL3183075
457,L02BB05,CHEMBL3183409
458,J01MA14,CHEMBL32
459,S01AE07,CHEMBL32
460,N05AH05,CHEMBL3187365
461,L01EE03,CHEMBL3187723
462,N01BX04,CHEMBL294199
463,M02AB01,CHEMBL294199
464,A03AX58,CHEMBL253371
465,A03AX08,CHEMBL253371
466,R05CB02,CHEMBL253376
467,M09AX03,CHEMBL256997
468,R02AA18,CHEMBL25105
469,R01AX07,CHEMBL25105
470,S01AX08,CHEMBL25105
471,D08AC04,CHEMBL25105
472,S03AA05,CHEMBL25105
473,N06AX17,CHEMBL259209
474,N05AL01,CHEMBL26
475,S01AA28,CHEMBL262777
476,A07AA09,CHEMBL262777
477,J01XA01,CHEMBL262777
478,J02AX06,CHEMBL264241
479,N05AC01,CHEMBL251940
480,C08CA13,CHEMBL250270
481,N05AL05,CHEMBL243712
482,B01AC27,CHEMBL238804
483,L01EM03,CHEMBL2396661
484,C07AB03,CHEMBL24
485,L01ED02,CHEMBL2403108
486,A05AA01,CHEMBL240597
487,B01AC06,CHEMBL25
488,N02BA01,CHEMBL25
489,N02BA51,CHEMBL25
490,A01AD05,CHEMBL25
491,N02BA71,CHEMBL25
492,N07CA01,CHEMBL24441
493,G04CA04,CHEMBL24778
494,L01EX04,CHEMBL24828
495,B01AA12,CHEMBL24924
496,J01AA05,CHEMBL249837
497,C01CE03,CHEMBL249856
498,C10AB02,CHEMBL264374
499,J01MA03,CHEMBL267648
500,N05CD04,CHEMBL285674
501,N05AD06,CHEMBL28218
502,N07XX07,CHEMBL284348
503,C01DX16,CHEMBL284906
504,C02BB01,CHEMBL267936
505,L01EA04,CHEMBL288441
506,A04AA02,CHEMBL289469
507,C02AC06,CHEMBL289480
508,N07XX14,CHEMBL290916
509,P01CC01,CHEMBL290960
510,J01MB01,CHEMBL291157
511,A03AA04,CHEMBL282121
512,N01AB05,CHEMBL279816
513,R06AX04,CHEMBL278398
514,D04AB04,CHEMBL278172
515,C05AD03,CHEMBL278172
516,N01BA05,CHEMBL278172
517,R02AD01,CHEMBL278172
518,C07AB08,CHEMBL27810
519,S01EB06,CHEMBL278020
520,N07AA01,CHEMBL278020
521,N07AA51,CHEMBL278020
522,N05AL02,CHEMBL277945
523,D01AC10,CHEMBL277535
524,D01AC60,CHEMBL277535
525,N02BB71,CHEMBL277474
526,S02DA03,CHEMBL277474
527,N02BB51,CHEMBL277474
528,N02BB01,CHEMBL277474
529,N05BA08,CHEMBL277062
530,N02BA55,CHEMBL27577
531,N02BA75,CHEMBL27577
532,N02BA05,CHEMBL27577
533,A06AH02,CHEMBL270190
534,C07AA05,CHEMBL27
535,L01EH01,CHEMBL554
536,V03AC01,CHEMBL556
537,R03CB02,CHEMBL2010507
538,N05AC04,CHEMBL2106439
539,N05AE01,CHEMBL2107011
540,N03AX13,CHEMBL2107062
541,D01AC16,CHEMBL2107430
542,G01AF18,CHEMBL2107430
543,S01KA51,CHEMBL2110674
544,N05CX05,CHEMBL2110805
545,G04BD01,CHEMBL2110805
546,G03DC01,CHEMBL2105618
547,N06AA15,CHEMBL2110816
548,G04BX14,CHEMBL2110900
549,A03AB11,CHEMBL2110948
550,N05AX07,CHEMBL2111030
551,J01CE03,CHEMBL2105612
552,D05BA03,CHEMBL24171
553,C10AD03,CHEMBL1697844
554,N01AX05,CHEMBL190279
555,D05AX04,CHEMBL2105611
556,C04AA31,CHEMBL1987462
557,A07XA04,CHEMBL2103772
558,A16AX15,CHEMBL2103855
559,C03BA05,CHEMBL2105131
560,A07AX03,CHEMBL244888
561,L01AX01,CHEMBL447629
562,H01AC07,CHEMBL3707290
563,R03DA03,CHEMBL37390
564,V03AB22,CHEMBL3833339
565,C01BA08,CHEMBL3833382
566,N02AC01,CHEMBL3833389
567,L01XD05,CHEMBL383675
568,L01XG03,CHEMBL3545432
569,M02AA08,CHEMBL413965
570,P03AB51,CHEMBL416898
571,P03AB01,CHEMBL416898
572,S01JA01,CHEMBL4297067
573,S01JA51,CHEMBL4297067
574,C07AA16,CHEMBL434200
575,A07AB03,CHEMBL338802
576,P01BE05,CHEMBL252518
577,J01MB04,CHEMBL30116
578,N02BG07,CHEMBL255044
579,G03BB01,CHEMBL258918
580,L02BX03,CHEMBL271227
581,N05BA03,CHEMBL28333
582,J01DD03,CHEMBL3351077
583,N02AX05,CHEMBL314437
584,C09AA16,CHEMBL317094
585,D10AF51,CHEMBL3184512
586,A03FA06,CHEMBL325109
587,M03AA01,CHEMBL3305985
588,C01AA08,CHEMBL1697843
589,N05AB02,CHEMBL1200951
590,C10AX06,CHEMBL1200711
591,N05AB02,CHEMBL1200854
592,V08CX01,CHEMBL1200866
593,D07AB03,CHEMBL1200877
594,D07XB01,CHEMBL1200877
595,D07AC21,CHEMBL1200908
596,D07AB21,CHEMBL1200975
597,S01EE02,CHEMBL1200661
598,D07AB10,CHEMBL1200989
599,S01BA10,CHEMBL1200989
600,H02AA02,CHEMBL1201010
601,S01BA07,CHEMBL1201064
602,D07AB06,CHEMBL1201064
603,D07XB04,CHEMBL1201064
604,S01CB05,CHEMBL1201064
605,C05AA06,CHEMBL1201064
606,D10AA01,CHEMBL1201064
607,L01CB01,CHEMBL1200645
608,N07AA03,CHEMBL1199307
609,R03CC11,CHEMBL1159717
610,R03AC11,CHEMBL1159717
611,D08AJ01,CHEMBL1187417
612,R02AA16,CHEMBL1187417
613,D09AA11,CHEMBL1187417
614,A03BB02,CHEMBL1187724
615,M04AA02,CHEMBL119423
616,L02AA04,CHEMBL1200598
617,C05AA05,CHEMBL1200376
618,R03BA04,CHEMBL1200376
619,S02BA07,CHEMBL1200376
620,D07XC01,CHEMBL1200376
621,S01BA06,CHEMBL1200376
622,A07EA04,CHEMBL1200376
623,D07AC01,CHEMBL1200376
624,H02AB01,CHEMBL1200376
625,S03BA03,CHEMBL1200376
626,S01CB04,CHEMBL1200376
627,R01AD06,CHEMBL1200376
628,H02AB01,CHEMBL1200384
629,S02BA07,CHEMBL1200384
630,A07EA04,CHEMBL1200384
631,R03BA04,CHEMBL1200384
632,C05AA05,CHEMBL1200384
633,R01AD06,CHEMBL1200384
634,S03BA03,CHEMBL1200384
635,D07AC01,CHEMBL1200384
636,D07XC01,CHEMBL1200384
637,S01BA06,CHEMBL1200384
638,S01CB04,CHEMBL1200384
639,R01AD11,CHEMBL1200449
640,R03BA06,CHEMBL1200449
641,D07XB02,CHEMBL1200449
642,S01BA05,CHEMBL1200449
643,D07AB09,CHEMBL1200449
644,A01AC01,CHEMBL1200449
645,C05AA12,CHEMBL1200449
646,H02AB08,CHEMBL1200449
647,D07AC10,CHEMBL1200545
648,H02AA03,CHEMBL1200592
649,V08AC01,CHEMBL1615487
650,H03BA03,CHEMBL1491306
651,N05AD02,CHEMBL15023
652,M01AX04,CHEMBL1565476
653,A03AB14,CHEMBL1619528
654,J01CA15,CHEMBL1619785
655,A03AA30,CHEMBL1623992
656,D01AC12,CHEMBL1651990
657,G01AF12,CHEMBL1651990
658,P02BB01,CHEMBL167150
659,G01AF06,CHEMBL1449676
660,P01AB03,CHEMBL1449676
661,J01XD03,CHEMBL1449676
662,N04BC08,CHEMBL1371770
663,P03AC03,CHEMBL1322884
664,P03AC53,CHEMBL1322884
665,J04BA01,CHEMBL1292
666,N06AA13,CHEMBL126224
667,B01AC03,CHEMBL1257015
668,J01FA13,CHEMBL1237072
669,B05CX01,CHEMBL1222250
670,C05BB56,CHEMBL1222250
671,V06DC01,CHEMBL1222250
672,V04CA02,CHEMBL1222250
673,V04CX01,CHEMBL1201304
674,P01AB06,CHEMBL435966
675,L01BB05,CHEMBL1096882
676,R01AD07,CHEMBL2107112
677,R01AD57,CHEMBL2107112
678,A07EA05,CHEMBL2107112
679,B01AA08,CHEMBL2106261
680,G03DB03,CHEMBL2106825
681,R02AB03,CHEMBL2109188
682,R06AA06,CHEMBL2110774
683,D04AA34,CHEMBL2110774
684,R06AA56,CHEMBL2110774
685,J05AP03,CHEMBL218394
686,M01CB04,CHEMBL2354773
687,D07AC05,CHEMBL251634
688,H02AB03,CHEMBL251634
689,C05AA08,CHEMBL251634
690,D07XC05,CHEMBL251634
691,B01AC01,CHEMBL2104306
692,B02BX02,CHEMBL2051960
693,C07AA01,CHEMBL266195
694,C03AA02,CHEMBL1763
695,C03AH02,CHEMBL1763
696,C01DX05,CHEMBL163672
697,V08AC02,CHEMBL1651905
698,V03AF02,CHEMBL1738
699,N06AB09,CHEMBL1743259
700,A02BA02,CHEMBL1790041
701,N04AA08,CHEMBL1908364
702,R05CB04,CHEMBL1885437
703,V08DA03,CHEMBL1899801
704,G02AD03,CHEMBL1908315
705,N05AX11,CHEMBL285802
706,A06AD15,CHEMBL457299
707,A06AD65,CHEMBL457299
708,N05AF03,CHEMBL908
709,N06BA06,CHEMBL7010
710,D11AX16,CHEMBL830
711,P01CX03,CHEMBL830
712,N03AB04,CHEMBL861
713,N03AB54,CHEMBL861
714,V08AC06,CHEMBL867
715,C01CA01,CHEMBL86882
716,C01CA51,CHEMBL86882
717,N06AF06,CHEMBL91238
718,N05CM08,CHEMBL591
719,N06AF05,CHEMBL92401
720,N06BX17,CHEMBL93077
721,N06DA01,CHEMBL95
722,N05BA13,CHEMBL970
723,D01AE07,CHEMBL607710
724,M01AX17,CHEMBL56367
725,M02AA26,CHEMBL56367
726,N06AX09,CHEMBL306700
727,D06BB09,CHEMBL318153
728,J01DB11,CHEMBL3186538
729,R01AA02,CHEMBL329203
730,M05BX03,CHEMBL3707306
731,A03BB04,CHEMBL3989849
732,N05AF01,CHEMBL54661
733,N03AA30,CHEMBL450
734,D07AC06,CHEMBL509924
735,D07XC04,CHEMBL509924
736,J01DD07,CHEMBL528
737,A10BB04,CHEMBL529888
738,S01EB07,CHEMBL1025
739,N06AA07,CHEMBL87708
740,R03AC05,CHEMBL88055
741,A16AA06,CHEMBL95889
742,C08EA02,CHEMBL1008
743,C04AC03,CHEMBL1094982
744,N06BX18,CHEMBL71752
745,A01AD07,CHEMBL1096
746,R03DX01,CHEMBL1096
747,G03BA03,CHEMBL1170
748,C04AA01,CHEMBL1197051
749,V04CK03,CHEMBL1200368
750,A14AB02,CHEMBL1200623
751,R06AD07,CHEMBL73451
752,P03AB02,CHEMBL15891
753,N05CM15,CHEMBL501613
754,N05CX03,CHEMBL501613
755,L01AG01,CHEMBL460287
756,V08AB01,CHEMBL462394
757,N02AD02,CHEMBL46399
758,A03AX12,CHEMBL473159
759,A02BX51,CHEMBL499915
760,A02BX01,CHEMBL499915
761,A02BX71,CHEMBL499915
762,C01AB51,CHEMBL600325
763,C01AB01,CHEMBL600325
764,D05AX01,CHEMBL503160
765,C01AA06,CHEMBL506569
766,C03BA10,CHEMBL517199
767,D08AX08,CHEMBL545
768,V03AB16,CHEMBL545
769,V03AZ01,CHEMBL545
770,P01BE01,CHEMBL567597
771,R07AA01,CHEMBL1200737
772,G03CA06,CHEMBL1200761
773,N05CE02,CHEMBL1200790
774,R06AD03,CHEMBL1378
775,D01AE11,CHEMBL1289
776,L02BG02,CHEMBL132530
777,N06AA18,CHEMBL1328913
778,P01CD02,CHEMBL1330792
779,A07AX02,CHEMBL1330792
780,G01AB01,CHEMBL1330792
781,D07AD02,CHEMBL1200845
782,J01ED02,CHEMBL1525826
783,C03AA08,CHEMBL1577
784,A10BB31,CHEMBL1589
785,L02BX01,CHEMBL1252
786,L01DC02,CHEMBL1237054
787,R07AB04,CHEMBL1229908
788,A11HA07,CHEMBL1222251
789,J01FA06,CHEMBL1214185
790,J01MB06,CHEMBL1208
791,A03AB08,CHEMBL1201354
792,A03AB15,CHEMBL1201340
793,V08AA07,CHEMBL1201327
794,N05CM07,CHEMBL1201317
795,R05DB10,CHEMBL1201313
796,V08CA05,CHEMBL1201301
797,R03AC17,CHEMBL1201295
798,H02CA01,CHEMBL1200907
799,G03DB01,CHEMBL1200853
800,G01AX06,CHEMBL1103
801,N02AC03,CHEMBL559288
802,J05AD01,CHEMBL666
803,D04AA32,CHEMBL657
804,R06AA52,CHEMBL657
805,R06AA02,CHEMBL657
806,N01AH03,CHEMBL658
807,N06DA04,CHEMBL659
808,N04BB01,CHEMBL660
809,N05BA12,CHEMBL661
810,C05AE02,CHEMBL6622
811,C01DA08,CHEMBL6622
812,C01DA58,CHEMBL6622
813,S01EB09,CHEMBL667
814,N05CD08,CHEMBL655
815,N06AA11,CHEMBL668
816,M03BX08,CHEMBL669
817,L01AC01,CHEMBL671
818,C02KC01,CHEMBL673
819,R03AA01,CHEMBL679
820,S01EA51,CHEMBL679
821,R01AA14,CHEMBL679
822,B02BC09,CHEMBL679
823,S01EA01,CHEMBL679
824,A01AD01,CHEMBL679
825,C01CA24,CHEMBL679
826,R03AK01,CHEMBL679
827,P01BA06,CHEMBL682
828,J02AC02,CHEMBL64391
829,N06AX16,CHEMBL637
830,J02AC03,CHEMBL638
831,R01AC03,CHEMBL639
832,R06AX19,CHEMBL639
833,S01GX07,CHEMBL639
834,J04AC51,CHEMBL64
835,J04AC01,CHEMBL64
836,C01BA02,CHEMBL640
837,R06AD52,CHEMBL643
838,D04AA10,CHEMBL643
839,R06AD02,CHEMBL643
840,N06AA06,CHEMBL644
841,N06AX11,CHEMBL654
842,C07AB07,CHEMBL645
843,S01EA03,CHEMBL647
844,R06AE53,CHEMBL648
845,R06AE03,CHEMBL648
846,C07AA12,CHEMBL649
847,H02BX01,CHEMBL650
848,D07AA01,CHEMBL650
849,D10AA02,CHEMBL650
850,H02AB04,CHEMBL650
851,N02AC52,CHEMBL651
852,N07BC02,CHEMBL651
853,N01AX07,CHEMBL681
854,P02CB02,CHEMBL684
855,J01DD06,CHEMBL74632
856,C07AG02,CHEMBL723
857,N05AA01,CHEMBL71
858,G04CB01,CHEMBL710
859,D11AX10,CHEMBL710
860,J05AF10,CHEMBL713
861,L02AB02,CHEMBL717
862,G03AC06,CHEMBL717
863,G03DA02,CHEMBL717
864,D06AX09,CHEMBL719
865,R01AX06,CHEMBL719
866,N06AA01,CHEMBL72
867,N05AB02,CHEMBL726
868,G04CA01,CHEMBL709
869,L01BB03,CHEMBL727
870,N05AB04,CHEMBL728
871,C01DA52,CHEMBL730
872,C05AE01,CHEMBL730
873,C01DA02,CHEMBL730
874,G04BX03,CHEMBL734
875,N03AX09,CHEMBL741
876,V03AC02,CHEMBL70927
877,C02CA04,CHEMBL707
878,P02CA51,CHEMBL685
879,P02CA01,CHEMBL685
880,C05AD02,CHEMBL698
881,D04AB06,CHEMBL698
882,S01HA03,CHEMBL698
883,N01BA03,CHEMBL698
884,M01AG01,CHEMBL686
885,A06AX01,CHEMBL692
886,A06AG04,CHEMBL692
887,N03AC02,CHEMBL695
888,N03AD51,CHEMBL696
889,N03AD01,CHEMBL696
890,C08DA01,CHEMBL6966
891,C08DA51,CHEMBL6966
892,N03AD03,CHEMBL697
893,N02AA51,CHEMBL70
894,A07DA52,CHEMBL70
895,N02AA01,CHEMBL70
896,J01EB04,CHEMBL700
897,M03BX01,CHEMBL701
898,J01CA12,CHEMBL702
899,M03AB01,CHEMBL703
900,A07EC02,CHEMBL704
901,N05BA09,CHEMBL70418
902,N06DA03,CHEMBL636
903,A07EA03,CHEMBL635
904,H02AB07,CHEMBL635
905,N01AH02,CHEMBL634
906,L01DB07,CHEMBL58
907,J01XE01,CHEMBL572
908,J01XE51,CHEMBL572
909,C10AD02,CHEMBL573
910,C04AC01,CHEMBL573
911,C10AD52,CHEMBL573
912,J01CF03,CHEMBL575
913,D08AX05,CHEMBL582
914,M01AE53,CHEMBL571
915,M01AE03,CHEMBL571
916,M02AA10,CHEMBL571
917,N03AX18,CHEMBL58323
918,J05AE04,CHEMBL584
919,C03DB02,CHEMBL585
920,C01CA19,CHEMBL588
921,D06BX03,CHEMBL571546
922,C01BD01,CHEMBL633
923,A05AA04,CHEMBL566315
924,J01GB09,CHEMBL560976
925,J01MA07,CHEMBL561
926,S01AE04,CHEMBL561
927,D01AA08,CHEMBL562
928,D01BA01,CHEMBL562
929,M02AA19,CHEMBL563
930,S01BC04,CHEMBL563
931,M01AE09,CHEMBL563
932,R02AX01,CHEMBL563
933,N05AA03,CHEMBL564
934,A04AA03,CHEMBL56564
935,P01BE02,CHEMBL566534
936,N05AA05,CHEMBL570
937,V09AX06,CHEMBL566752
938,N05AB03,CHEMBL567
939,N05BA04,CHEMBL568
940,N01BA52,CHEMBL569
941,N01BA02,CHEMBL569
942,S01HA05,CHEMBL569
943,C05AD05,CHEMBL569
944,S01FA02,CHEMBL569713
945,A04AD01,CHEMBL569713
946,A04AD51,CHEMBL569713
947,N05CM05,CHEMBL569713
948,J05AG01,CHEMBL57
949,C01CA04,CHEMBL59
950,B02BA02,CHEMBL590
951,N06AX05,CHEMBL621
952,J04AK01,CHEMBL614
953,J01CE02,CHEMBL615
954,C03AA09,CHEMBL61593
955,J01DB03,CHEMBL617
956,M01AB08,CHEMBL622
957,D01AC06,CHEMBL625
958,P02CA02,CHEMBL625
959,C04AD03,CHEMBL628
960,N06AA09,CHEMBL629
961,C01BC03,CHEMBL631
962,D07AC01,CHEMBL632
963,D07XC01,CHEMBL632
964,H02AB01,CHEMBL632
965,S02BA07,CHEMBL632
966,S01CB04,CHEMBL632
967,S03BA03,CHEMBL632
968,R03BA04,CHEMBL632
969,S01BA06,CHEMBL632
970,A07EA04,CHEMBL632
971,R01AD06,CHEMBL632
972,C05AA05,CHEMBL632
973,G04CA03,CHEMBL611
974,D06BB04,CHEMBL61
975,A16AX12,CHEMBL609
976,L01EX10,CHEMBL608533
977,C10AX02,CHEMBL608
978,N02AB52,CHEMBL607
979,N02AB02,CHEMBL607
980,N02AB72,CHEMBL607
981,R03AC19,CHEMBL605846
982,R03DC01,CHEMBL603
983,A16AA04,CHEMBL602
984,S01XA21,CHEMBL602
985,L01ED01,CHEMBL601719
986,L01XD04,CHEMBL601
987,R05CB01,CHEMBL600
988,S01XA08,CHEMBL600
989,V03AB23,CHEMBL600
990,M01AC56,CHEMBL599
991,M01AC06,CHEMBL599
992,C04AB01,CHEMBL597
993,V03AB36,CHEMBL597
994,N02AB03,CHEMBL596
995,N01AH01,CHEMBL596
996,N01AH51,CHEMBL596
997,J05AG02,CHEMBL593
998,R01AC07,CHEMBL746
999,R03BC03,CHEMBL746
1000,S01GX04,CHEMBL746
1001,G01AA08,CHEMBL1095283
1002,L01BC09,CHEMBL917
1003,A02BA03,CHEMBL902
1004,A02BA53,CHEMBL902
1005,L01CA02,CHEMBL90555
1006,A14AA07,CHEMBL90593
1007,G03XX01,CHEMBL90593
1008,G01AF04,CHEMBL91
1009,S02AA13,CHEMBL91
1010,J02AB01,CHEMBL91
1011,A01AB09,CHEMBL91
1012,D01AC52,CHEMBL91
1013,A07AC01,CHEMBL91
1014,D01AC02,CHEMBL91
1015,R06AX26,CHEMBL914
1016,B01AC17,CHEMBL916
1017,M05BA07,CHEMBL923
1018,C08EX01,CHEMBL92870
1019,A16AA03,CHEMBL930
1020,N01AB01,CHEMBL931
1021,B01AC07,CHEMBL932
1022,V04CD01,CHEMBL934
1023,M03BC51,CHEMBL900
1024,J01MA06,CHEMBL9
1025,S01AE02,CHEMBL9
1026,L01EB01,CHEMBL939
1027,J05AB09,CHEMBL880
1028,S01AD07,CHEMBL880
1029,M05BA04,CHEMBL870
1030,M05BA01,CHEMBL871
1031,C03BA08,CHEMBL878
1032,N03AF04,CHEMBL87992
1033,J05AF09,CHEMBL885
1034,N02BA11,CHEMBL898
1035,L01BC05,CHEMBL888
1036,J01CF01,CHEMBL893
1037,N02AF02,CHEMBL895
1038,N03AG04,CHEMBL89598
1039,N05BB01,CHEMBL896
1040,N05BB51,CHEMBL896
1041,M04AB01,CHEMBL897
1042,M01AB16,CHEMBL93645
1043,M02AA25,CHEMBL93645
1044,S01EB05,CHEMBL94
1045,V03AB19,CHEMBL94
1046,N03AX15,CHEMBL750
1047,D01AE23,CHEMBL990
1048,V04CX03,CHEMBL978
1049,R05CA03,CHEMBL980
1050,D02AE01,CHEMBL985
1051,B05BC02,CHEMBL985
1052,D02AE51,CHEMBL985
1053,D10AD02,CHEMBL986
1054,S01XA02,CHEMBL986
1055,A11CA01,CHEMBL986
1056,R01AX02,CHEMBL986
1057,S01BA15,CHEMBL989
1058,S02BA08,CHEMBL989
1059,D07AC04,CHEMBL989
1060,C05AA10,CHEMBL989
1061,J05AF04,CHEMBL991
1062,P02BA01,CHEMBL976
1063,J01DC01,CHEMBL996
1064,A02BX03,CHEMBL9967
1065,M05BA06,CHEMBL997
1066,R06AX13,CHEMBL998
1067,L04AA31,CHEMBL973
1068,N03AX12,CHEMBL940
1069,J05AC02,CHEMBL959
1070,L01EA01,CHEMBL941
1071,A06AB02,CHEMBL942
1072,A06AG02,CHEMBL942
1073,A06AB52,CHEMBL942
1074,R06AX25,CHEMBL94454
1075,R06AX09,CHEMBL946
1076,N04BX02,CHEMBL953
1077,C02KX01,CHEMBL957
1078,N03AG03,CHEMBL96
1079,N04BD01,CHEMBL972
1080,L04AA13,CHEMBL960
1081,N02AA11,CHEMBL963
1082,P03AA04,CHEMBL964
1083,P03AA54,CHEMBL964
1084,N07BB01,CHEMBL964
1085,N05CD01,CHEMBL968
1086,N05BA11,CHEMBL969
1087,G01AC01,CHEMBL86754
1088,N04AA04,CHEMBL86715
1089,L04AA06,CHEMBL866
1090,L01BC01,CHEMBL803
1091,D06BB01,CHEMBL788
1092,J05AB02,CHEMBL788
1093,S01AD01,CHEMBL788
1094,N06BA04,CHEMBL796
1095,N03AD02,CHEMBL797
1096,B01AC23,CHEMBL799
1097,A06AH04,CHEMBL80
1098,V03AB15,CHEMBL80
1099,C02DC01,CHEMBL802
1100,D11AX01,CHEMBL802
1101,L02BB01,CHEMBL806
1102,A08AA05,CHEMBL781
1103,N06DX01,CHEMBL807
1104,D01AC03,CHEMBL808
1105,G01AF05,CHEMBL808
1106,B05XB03,CHEMBL8085
1107,N06AB06,CHEMBL809
1108,G03XC01,CHEMBL81
1109,C09CA02,CHEMBL813
1110,V04CA01,CHEMBL782
1111,A10BB03,CHEMBL782
1112,R06AA08,CHEMBL864
1113,C04AX02,CHEMBL753
1114,C01CX07,CHEMBL75753
1115,P01BA01,CHEMBL76
1116,R01AA08,CHEMBL761
1117,S01GA51,CHEMBL761
1118,S01GA01,CHEMBL761
1119,R01AB02,CHEMBL761
1120,R01AA05,CHEMBL762
1121,S01GA04,CHEMBL762
1122,R01AB07,CHEMBL762
1123,S01EX01,CHEMBL765
1124,C02CC02,CHEMBL765
1125,C02CC03,CHEMBL76725
1126,G04BE08,CHEMBL779
1127,M02AX02,CHEMBL770
1128,C04AB02,CHEMBL770
1129,J04AB01,CHEMBL771
1130,B05CX03,CHEMBL773
1131,C01CA14,CHEMBL77622
1132,A10BB05,CHEMBL817
1133,J05AF03,CHEMBL853
1134,C03AA04,CHEMBL842
1135,C03AH01,CHEMBL842
1136,S01GA07,CHEMBL844
1137,S01EA05,CHEMBL844
1138,D11AX21,CHEMBL844
1139,A11CC04,CHEMBL846
1140,D05AX03,CHEMBL846
1141,P02BA02,CHEMBL847
1142,D08AE04,CHEMBL849
1143,D09AA06,CHEMBL849
1144,L01AA03,CHEMBL852
1145,N03AA03,CHEMBL856
1146,A11HA05,CHEMBL857
1147,A03FA01,CHEMBL86
1148,C02AC02,CHEMBL862
1149,N06AG02,CHEMBL86304
1150,L01CE01,CHEMBL84
1151,S01ED05,CHEMBL839
1152,C07AA15,CHEMBL839
1153,S01ED55,CHEMBL839
1154,C09AA07,CHEMBL838
1155,D01AE18,CHEMBL83668
1156,G04CA02,CHEMBL836
1157,M05BA03,CHEMBL834
1158,B01AC05,CHEMBL833
1159,N05AH01,CHEMBL831
1160,G02CA01,CHEMBL83063
1161,L02BA01,CHEMBL83
1162,R06AD01,CHEMBL829
1163,J01MA04,CHEMBL826
1164,L01AB01,CHEMBL820
1165,J01CF04,CHEMBL819
1166,R07AX02,CHEMBL2010601
1167,N07BB05,CHEMBL982
1168,A03AB53,CHEMBL1201286
1169,A03AB03,CHEMBL1201286
1170,A07DA01,CHEMBL1201294
1171,N07BB03,CHEMBL1201293
1172,P01AA05,CHEMBL1788385
1173,M03CA01,CHEMBL1201288
1174,R06AB56,CHEMBL1201287
1175,R06AB06,CHEMBL1201287
1176,C02CA01,CHEMBL2
1177,H05BX01,CHEMBL1201284
1178,C08CA05,CHEMBL193
1179,C08CA55,CHEMBL193
1180,G03AC02,CHEMBL2107431
1181,G03DC03,CHEMBL2107431
1182,A04AA04,CHEMBL2368925
1183,P02CX01,CHEMBL1201303
1184,R06AE51,CHEMBL1201271
1185,R06AE01,CHEMBL1201271
1186,J01XX05,CHEMBL1201270
1187,S01GX05,CHEMBL1201266
1188,R05DA07,CHEMBL364713
1189,S01EA02,CHEMBL1201262
1190,D10AD51,CHEMBL38
1191,L01XF01,CHEMBL38
1192,D10AD01,CHEMBL38
1193,V08AC09,CHEMBL1201261
1194,C02CC01,CHEMBL1201260
1195,R06AA10,CHEMBL1201256
1196,N02AA03,CHEMBL398707
1197,N03AA02,CHEMBL40
1198,V08AA04,CHEMBL1201300
1199,H01CA02,CHEMBL1201309
1200,S01EE02,CHEMBL1201407
1201,A01AB22,CHEMBL1433
1202,J01AA02,CHEMBL1433
1203,G02AB01,CHEMBL1201356
1204,V04CC04,CHEMBL1201355
1205,M03AC05,CHEMBL1201349
1206,N01AH05,CHEMBL1201347
1207,J05AB14,CHEMBL1201314
1208,A07EC04,CHEMBL1201346
1209,N04AA03,CHEMBL1201342
1210,A02BC01,CHEMBL1503
1211,L02AE04,CHEMBL1201334
1212,R05DB07,CHEMBL1620875
1213,A03AB10,CHEMBL1201325
1214,V04CG02,CHEMBL1201323
1215,J05AP01,CHEMBL1643
1216,A07DA04,CHEMBL1201321
1217,A02BC05,CHEMBL1201320
1218,C01CA09,CHEMBL1201319
1219,N06BA01,CHEMBL405
1220,L02BB03,CHEMBL409
1221,R06AA01,CHEMBL1201245
1222,G02CB03,CHEMBL1201087
1223,N04BC06,CHEMBL1201087
1224,S01BA08,CHEMBL1201173
1225,H02AB15,CHEMBL1201148
1226,A06AX03,CHEMBL1201134
1227,L01BC08,CHEMBL1201129
1228,M03BA53,CHEMBL1201117
1229,M03BA03,CHEMBL1201117
1230,M03BA73,CHEMBL1201117
1231,C10AB08,CHEMBL557555
1232,L01BB07,CHEMBL1201112
1233,A10BG03,CHEMBL595
1234,C01EB03,CHEMBL6
1235,M02AA23,CHEMBL6
1236,M01AB51,CHEMBL6
1237,S01BC01,CHEMBL6
1238,M01AB01,CHEMBL6
1239,G03BA03,CHEMBL1201101
1240,V08AB12,CHEMBL1201075
1241,J01DC11,CHEMBL1201046
1242,D07AC07,CHEMBL1201012
1243,N05AF04,CHEMBL1201
1244,G03CA53,CHEMBL1200973
1245,G03CA03,CHEMBL1200973
1246,N06AX03,CHEMBL6437
1247,G04CB02,CHEMBL1200969
1248,S01EE03,CHEMBL1200963
1249,R06AD04,CHEMBL1200959
1250,L01EG01,CHEMBL1201182
1251,G02AD02,CHEMBL548
1252,N07BC01,CHEMBL511142
1253,N07BC51,CHEMBL511142
1254,N02AE01,CHEMBL511142
1255,G02CB01,CHEMBL493
1256,N04BC01,CHEMBL493
1257,S01ED03,CHEMBL1201237
1258,C01CA11,CHEMBL1201234
1259,A03AB09,CHEMBL1201232
1260,S01EB04,CHEMBL1201229
1261,J01DD05,CHEMBL1201224
1262,N06BA12,CHEMBL1201222
1263,V08AA01,CHEMBL1201220
1264,M03AC03,CHEMBL1201219
1265,R02AD04,CHEMBL1201217
1266,N01BX02,CHEMBL1201217
1267,S01EX02,CHEMBL1201216
1268,R03AC07,CHEMBL1201213
1269,R03CC06,CHEMBL1201213
1270,C01CA17,CHEMBL1201212
1271,N05AH02,CHEMBL42
1272,N05CM06,CHEMBL1201210
1273,J01DD11,CHEMBL1201204
1274,S01BC05,CHEMBL469
1275,M01AB15,CHEMBL469
1276,B01AX05,CHEMBL1201202
1277,D01AC14,CHEMBL1201196
1278,G01AF19,CHEMBL1201196
1279,C01BD04,CHEMBL473
1280,N06BA13,CHEMBL1201192
1281,P02CB01,CHEMBL1412
1282,S01GX11,CHEMBL1201747
1283,L01CD04,CHEMBL1201748
1284,G01AF17,CHEMBL1262
1285,D01AC11,CHEMBL1262
1286,A09AB04,CHEMBL1261
1287,J01XX08,CHEMBL126
1288,J05AP08,CHEMBL1259059
1289,L01BC04,CHEMBL460499
1290,J01XX11,CHEMBL1257051
1291,N01AB04,CHEMBL1257
1292,D08AE01,CHEMBL496
1293,R03AC13,CHEMBL1256786
1294,L04AX05,CHEMBL1256391
1295,N01AB06,CHEMBL1256
1296,A09AB01,CHEMBL1255943
1297,A07AA12,CHEMBL1255800
1298,B01AC21,CHEMBL1237119
1299,H01CC01,CHEMBL1251
1300,P01CX04,CHEMBL125
1301,J01ED01,CHEMBL62193
1302,G04BX06,CHEMBL1242
1303,N06AX06,CHEMBL623
1304,J05AX18,CHEMBL1241951
1305,R06AC04,CHEMBL1241
1306,D04AA04,CHEMBL1241
1307,P03AX01,CHEMBL1239
1308,D10AX03,CHEMBL1238
1309,C08CA16,CHEMBL1237132
1310,R03AC12,CHEMBL1263
1311,D10AD53,CHEMBL1265
1312,D10AD03,CHEMBL1265
1313,S01GA52,CHEMBL1266
1314,R01AA06,CHEMBL1266
1315,R01AB03,CHEMBL1266
1316,S01GA02,CHEMBL1266
1317,B01AF03,CHEMBL1269025
1318,G03CB02,CHEMBL411
1319,G03CC05,CHEMBL411
1320,L02AA01,CHEMBL411
1321,D06BA02,CHEMBL437
1322,J01EB07,CHEMBL437
1323,G01AF15,CHEMBL1295
1324,N01AB02,CHEMBL44618
1325,D02BB01,CHEMBL1293
1326,A11CA02,CHEMBL1293
1327,C07AA23,CHEMBL1290
1328,J05AF01,CHEMBL129
1329,L01EK01,CHEMBL1289926
1330,L01EX08,CHEMBL1289601
1331,L01EK03,CHEMBL1289494
1332,L01EJ02,CHEMBL1287853
1333,N03AX14,CHEMBL1286
1334,C01CE01,CHEMBL12856
1335,D06BB10,CHEMBL1282
1336,G03DA04,CHEMBL103
1337,N02CC07,CHEMBL1279
1338,N02CC02,CHEMBL1278
1339,J01CA17,CHEMBL1276310
1340,G03XB01,CHEMBL1276308
1341,G03XB51,CHEMBL1276308
1342,D01AE04,CHEMBL1276010
1343,D01AE54,CHEMBL1276010
1344,C05AD06,CHEMBL127592
1345,N05CA06,CHEMBL447
1346,L02BB02,CHEMBL1274
1347,N05CA01,CHEMBL448
1348,A10BX02,CHEMBL1272
1349,J01DH02,CHEMBL127
1350,A06AB04,CHEMBL63857
1351,D07AC19,CHEMBL1201749
1352,D05BB02,CHEMBL1131
1353,N03AX10,CHEMBL1094
1354,H01CC03,CHEMBL1208155
1355,N04AA05,CHEMBL1206
1356,N05AD08,CHEMBL1108
1357,P03AA05,CHEMBL120563
1358,H02AB13,CHEMBL1201891
1359,G03DB08,CHEMBL1201864
1360,A03AA07,CHEMBL1123
1361,V04CX06,CHEMBL1201784
1362,A16AA05,CHEMBL1201780
1363,A08AA03,CHEMBL1194666
1364,A16AX07,CHEMBL1201774
1365,B01AC22,CHEMBL1201772
1366,L02AB01,CHEMBL1201139
1367,G03DB02,CHEMBL1201139
1368,G03AC05,CHEMBL1201139
1369,N06AF01,CHEMBL1201168
1370,G02CC03,CHEMBL12610
1371,M01AX07,CHEMBL12610
1372,M02AA05,CHEMBL12610
1373,A01AD02,CHEMBL12610
1374,R02AX03,CHEMBL12610
1375,G01AG02,CHEMBL1306
1376,S01AE08,CHEMBL1201760
1377,N03AF03,CHEMBL1201754
1378,C10AA08,CHEMBL1201753
1379,L01DC04,CHEMBL1201752
1380,J01CA03,CHEMBL1214
1381,N03AX22,CHEMBL1214124
1382,R01AA04,CHEMBL1215
1383,R01BA53,CHEMBL1215
1384,R01BA03,CHEMBL1215
1385,S01FB01,CHEMBL1215
1386,S01GA05,CHEMBL1215
1387,C01CA06,CHEMBL1215
1388,S01GA55,CHEMBL1215
1389,R01AB01,CHEMBL1215
1390,R06AA59,CHEMBL1004
1391,R06AA09,CHEMBL1004
1392,N05CD05,CHEMBL646
1393,A12AA10,CHEMBL1237066
1394,J01AA09,CHEMBL1237046
1395,N02AX02,CHEMBL1237044
1396,N05AE05,CHEMBL1237021
1397,M05BA02,CHEMBL12318
1398,M01AB17,CHEMBL94394
1399,M02AA09,CHEMBL94394
1400,G04BD04,CHEMBL1231
1401,L01EC01,CHEMBL1229517
1402,J05AJ03,CHEMBL1229211
1403,J05AH02,CHEMBL1229
1404,R06AX18,CHEMBL1224
1405,D01AC09,CHEMBL1221
1406,L02BG01,CHEMBL488
1407,A02BC04,CHEMBL1219
1408,A02BC54,CHEMBL1219
1409,N05CH02,CHEMBL1218
1410,M01AG02,CHEMBL121626
1411,D07AB11,CHEMBL1200953
1412,L02AA03,CHEMBL691
1413,G03CA01,CHEMBL691
1414,M01AH06,CHEMBL404108
1415,G03DB06,CHEMBL110691
1416,N02BE51,CHEMBL112
1417,N02BE01,CHEMBL112
1418,N02BE71,CHEMBL112
1419,N06AX23,CHEMBL1118
1420,L01DB06,CHEMBL1117
1421,N07AA02,CHEMBL1115
1422,N06AA17,CHEMBL1113
1423,N05AX12,CHEMBL1112
1424,C02KX02,CHEMBL1111
1425,J01ED08,CHEMBL1109
1426,S01AB05,CHEMBL1109
1427,S01GX10,CHEMBL1106
1428,R06AX24,CHEMBL1106
1429,L01BC59,CHEMBL1129
1430,S01AD02,CHEMBL1129
1431,A16AX14,CHEMBL110458
1432,V04CX07,CHEMBL1104
1433,N05CE01,CHEMBL1102
1434,N03AC01,CHEMBL1100
1435,P01CA02,CHEMBL110
1436,A03AA09,CHEMBL3304486
1437,N06AA02,CHEMBL11
1438,N01BB01,CHEMBL1098
1439,N01BB51,CHEMBL1098
1440,C04AX19,CHEMBL404849
1441,N06BC01,CHEMBL113
1442,D11AX26,CHEMBL113
1443,C07AB01,CHEMBL6995
1444,A07EA01,CHEMBL1152
1445,H02AB06,CHEMBL1152
1446,D07AA03,CHEMBL1152
1447,S03BA02,CHEMBL1152
1448,D07XA02,CHEMBL1152
1449,R01AD02,CHEMBL1152
1450,S01BA04,CHEMBL1152
1451,S01CB02,CHEMBL1152
1452,C05AA04,CHEMBL1152
1453,S02BA03,CHEMBL1152
1454,V08AC04,CHEMBL1165268
1455,C09AA13,CHEMBL1165
1456,M04AA03,CHEMBL1164729
1457,J05AE08,CHEMBL1163
1458,G03DC02,CHEMBL1162
1459,G03AC01,CHEMBL1162
1460,D07AC13,CHEMBL1161
1461,D07XC03,CHEMBL1161
1462,R01AD09,CHEMBL1161
1463,R03BA07,CHEMBL1161
1464,N02AA05,CHEMBL656
1465,J05AE05,CHEMBL116
1466,R05DB05,CHEMBL73234
1467,J05AE02,CHEMBL115
1468,A16AA01,CHEMBL1149
1469,C03CA04,CHEMBL1148
1470,C07AB09,CHEMBL768
1471,G02CA02,CHEMBL114655
1472,C04AA02,CHEMBL114655
1473,C02AA52,CHEMBL772
1474,C02AA02,CHEMBL772
1475,D08AC02,CHEMBL790
1476,D09AA12,CHEMBL790
1477,S01AX09,CHEMBL790
1478,B05CA02,CHEMBL790
1479,D08AC52,CHEMBL790
1480,A01AB03,CHEMBL790
1481,R02AA05,CHEMBL790
1482,S02AA09,CHEMBL790
1483,S03AA04,CHEMBL790
1484,C10AA03,CHEMBL1144
1485,A11HA01,CHEMBL1140
1486,J05AE01,CHEMBL114
1487,B01AC09,CHEMBL1139
1488,C10AX09,CHEMBL1138
1489,B05CA03,CHEMBL869
1490,P01CC02,CHEMBL869
1491,S02AA02,CHEMBL869
1492,D09AA03,CHEMBL869
1493,D08AF01,CHEMBL869
1494,S01AX04,CHEMBL869
1495,J01FA15,CHEMBL1136
1496,L01DB09,CHEMBL1096885
1497,R06AE07,CHEMBL1000
1498,N02AD01,CHEMBL100116
1499,N03AF02,CHEMBL1068
1500,M03BX02,CHEMBL1079
1501,G03CB01,CHEMBL1018
1502,G03CC02,CHEMBL1018
1503,G04BD06,CHEMBL1078261
1504,N01BB09,CHEMBL1077896
1505,N06AA23,CHEMBL107360
1506,M02AA21,CHEMBL1020
1507,M01AB03,CHEMBL1020
1508,S01BC10,CHEMBL1021
1509,M01AE12,CHEMBL1071
1510,L01XF03,CHEMBL1023
1511,C09CA03,CHEMBL1069
1512,C10AA01,CHEMBL1064
1513,J02AC01,CHEMBL106
1514,D01AC15,CHEMBL106
1515,N03AG06,CHEMBL1027
1516,N03AX16,CHEMBL1059
1517,C03BA04,CHEMBL1055
1518,A16AX06,CHEMBL1029
1519,S01EE01,CHEMBL1051
1520,L01DC03,CHEMBL105
1521,B02AA01,CHEMBL1046
1522,J04BA02,CHEMBL1043
1523,D10AX05,CHEMBL1043
1524,A11CC05,CHEMBL1042
1525,N03AF01,CHEMBL108
1526,J01CA04,CHEMBL1082
1527,L02BB04,CHEMBL1082407
1528,N05CM19,CHEMBL1083659
1529,L01XD03,CHEMBL1096562
1530,N01AH06,CHEMBL1005
1531,V03AF05,CHEMBL1006
1532,N04BA01,CHEMBL1009
1533,C03DA04,CHEMBL1095097
1534,N03AB01,CHEMBL1095
1535,R03CC07,CHEMBL1094966
1536,R03AC08,CHEMBL1094966
1537,L01XK02,CHEMBL1094636
1538,N01BB58,CHEMBL1093
1539,N01BB08,CHEMBL1093
1540,D07XA01,CHEMBL1091
1541,A07EA02,CHEMBL1091
1542,H02AB09,CHEMBL1091
1543,C05AA01,CHEMBL1091
1544,S02BA01,CHEMBL1091
1545,A01AC03,CHEMBL1091
1546,D07AA02,CHEMBL1091
1547,S01BA02,CHEMBL1091
1548,S01CB03,CHEMBL1091
1549,S01AD06,CHEMBL1090
1550,J05AB03,CHEMBL1090
1551,N03AG01,CHEMBL109
1552,N04BX04,CHEMBL1089318
1553,N06AF03,CHEMBL1089
1554,C09CA06,CHEMBL1014
1555,A16AA02,CHEMBL1088977
1556,N05AC03,CHEMBL1088
1557,N06AX22,CHEMBL10878
1558,N01BB03,CHEMBL1087
1559,N01BB53,CHEMBL1087
1560,C09CA07,CHEMBL1017
1561,S02DA04,CHEMBL1086
1562,S01HA06,CHEMBL1086
1563,D04AB02,CHEMBL1086
1564,N01BB06,CHEMBL1086
1565,C05AD04,CHEMBL1086
1566,C08CA11,CHEMBL1085699
1567,N05AB07,CHEMBL1085
1568,B01AE03,CHEMBL1166
1569,J01XX04,CHEMBL1167
1570,C09AA05,CHEMBL1168
1571,A01AC03,CHEMBL1200562
1572,C05AA01,CHEMBL1200562
1573,S02BA01,CHEMBL1200562
1574,H02AB09,CHEMBL1200562
1575,S01CB03,CHEMBL1200562
1576,A07EA02,CHEMBL1200562
1577,D07AA02,CHEMBL1200562
1578,D07XA01,CHEMBL1200562
1579,S01BA02,CHEMBL1200562
1580,N05BA15,CHEMBL1095282
1581,P02CF01,CHEMBL1200633
1582,D11AX22,CHEMBL1200633
1583,G03DC06,CHEMBL1200624
1584,H05BX02,CHEMBL1200622
1585,H02AB12,CHEMBL1200617
1586,S01BA13,CHEMBL1200617
1587,V08AB07,CHEMBL1200614
1588,S01FA06,CHEMBL1200604
1589,S01FA56,CHEMBL1200604
1590,S01BA07,CHEMBL1200600
1591,D07XB04,CHEMBL1200600
1592,D07AB06,CHEMBL1200600
1593,D10AA01,CHEMBL1200600
1594,S01CB05,CHEMBL1200600
1595,C05AA06,CHEMBL1200600
1596,A14AA05,CHEMBL1200585
1597,G01AD01,CHEMBL1200559
1598,N05CE03,CHEMBL1722501
1599,D06AX05,CHEMBL1200558
1600,J01XX10,CHEMBL1200558
1601,R02AB04,CHEMBL1200558
1602,V08AB06,CHEMBL1200555
1603,H02AA03,CHEMBL1200542
1604,A07EA04,CHEMBL1200538
1605,C05AA05,CHEMBL1200538
1606,S01BA06,CHEMBL1200538
1607,S03BA03,CHEMBL1200538
1608,D07XC01,CHEMBL1200538
1609,R03BA04,CHEMBL1200538
1610,S02BA07,CHEMBL1200538
1611,R01AD06,CHEMBL1200538
1612,S01CB04,CHEMBL1200538
1613,D07AC01,CHEMBL1200538
1614,H02AB01,CHEMBL1200538
1615,C02AA05,CHEMBL1200515
1616,V08AB09,CHEMBL1200507
1617,R03BA01,CHEMBL1200500
1618,D07AC15,CHEMBL1200500
1619,R01AD01,CHEMBL1200500
1620,A07EA07,CHEMBL1200500
1621,H01CC02,CHEMBL1200490
1622,N05CD10,CHEMBL1200472
1623,N05CD07,CHEMBL967
1624,S01AA10,CHEMBL1200656
1625,D01AA02,CHEMBL1200656
1626,A07AA03,CHEMBL1200656
1627,A01AB10,CHEMBL1200656
1628,G01AA02,CHEMBL1200656
1629,N01AX11,CHEMBL1200682
1630,N07XX04,CHEMBL1200682
1631,V08AB04,CHEMBL1200932
1632,N05BC04,CHEMBL1200922
1633,A07EA01,CHEMBL1200909
1634,C05AA04,CHEMBL1200909
1635,D07AA03,CHEMBL1200909
1636,D07XA02,CHEMBL1200909
1637,H02AB06,CHEMBL1200909
1638,S01BA04,CHEMBL1200909
1639,S01CB02,CHEMBL1200909
1640,R01AD02,CHEMBL1200909
1641,S02BA03,CHEMBL1200909
1642,S03BA02,CHEMBL1200909
1643,A07DA03,CHEMBL841
1644,A07DA53,CHEMBL841
1645,S01BA14,CHEMBL1200865
1646,C02KB01,CHEMBL1200862
1647,G03DA03,CHEMBL1200848
1648,V08AD03,CHEMBL1200821
1649,H05BX03,CHEMBL1200810
1650,N05CA07,CHEMBL1200802
1651,S01EE04,CHEMBL1200799
1652,V08AC07,CHEMBL1200770
1653,N06AX12,CHEMBL894
1654,N01AB07,CHEMBL1200733
1655,D07AC11,CHEMBL1200732
1656,N01AB08,CHEMBL1200694
1657,H01BA03,CHEMBL1200690
1658,V08AD04,CHEMBL951
1659,P01AX07,CHEMBL119
1660,A04AA55,CHEMBL1189679
1661,A04AA05,CHEMBL1189679
1662,R01AC08,CHEMBL1189432
1663,S01GX09,CHEMBL1189432
1664,N05CA05,CHEMBL7863
1665,A01AB06,CHEMBL1187011
1666,M01AA01,CHEMBL101
1667,M02AA01,CHEMBL101
1668,S01AA01,CHEMBL130
1669,S03AA08,CHEMBL130
1670,D06AX02,CHEMBL130
1671,G01AA05,CHEMBL130
1672,S02AA01,CHEMBL130
1673,D10AF03,CHEMBL130
1674,J01BA01,CHEMBL130
1675,N02CC03,CHEMBL1185
1676,N02BG09,CHEMBL1341
1677,R02AA17,CHEMBL1183605
1678,D08AJ02,CHEMBL1183605
1679,R02AA09,CHEMBL1182210
1680,M03BA05,CHEMBL2104283
1681,A03AB05,CHEMBL1180725
1682,N01BA04,CHEMBL1179047
1683,D06AA04,CHEMBL1440
1684,S03AA02,CHEMBL1440
1685,S01AA09,CHEMBL1440
1686,S02AA08,CHEMBL1440
1687,A01AB13,CHEMBL1440
1688,J01AA07,CHEMBL1440
1689,N07XX06,CHEMBL117785
1690,N07BC03,CHEMBL1514
1691,N06AX21,CHEMBL1175
1692,C01DB01,CHEMBL1908307
1693,L01XK03,CHEMBL1173055
1694,A06AX05,CHEMBL117287
1695,R06AX27,CHEMBL1172
1696,L01EA05,CHEMBL1171837
1697,J04AA01,CHEMBL1169
1698,S01AB01,CHEMBL1191
1699,D06BA04,CHEMBL1191
1700,J01EB02,CHEMBL1191
1701,B05CA04,CHEMBL1191
1702,D04AA16,CHEMBL1193
1703,R06AB05,CHEMBL1193
1704,N01BB04,CHEMBL1194
1705,N01BB54,CHEMBL1194
1706,V08AB02,CHEMBL1200455
1707,R05DB15,CHEMBL2105497
1708,V09CX01,CHEMBL1200439
1709,A14AA08,CHEMBL1200436
1710,R03DA02,CHEMBL1200434
1711,A14AB01,CHEMBL1200412
1712,S01XA11,CHEMBL1200412
1713,B05BB03,CHEMBL1200391
1714,B05XX02,CHEMBL1200391
1715,D07AC18,CHEMBL1200386
1716,L02BG06,CHEMBL1200374
1717,N04BX03,CHEMBL334491
1718,D10AE01,CHEMBL1200370
1719,D10AE51,CHEMBL1200370
1720,M04AC02,CHEMBL348000
1721,C05BB04,CHEMBL1200354
1722,G03BA03,CHEMBL1200335
1723,D04AB03,CHEMBL1200
1724,S01HA02,CHEMBL1200
1725,N05BA01,CHEMBL12
1726,D04AB07,CHEMBL1198
1727,C05AD07,CHEMBL1198
1728,S01HA04,CHEMBL1196
1729,G02AB03,CHEMBL119443
1730,N05CA09,CHEMBL503565
1731,M01AE04,CHEMBL1297
1732,N02CC01,CHEMBL128
1733,J01CA06,CHEMBL1583
1734,A10BX06,CHEMBL400599
1735,N06AA19,CHEMBL418995
1736,N07AA30,CHEMBL1652
1737,J01MA13,CHEMBL428
1738,L01AD04,CHEMBL1651906
1739,J01CA08,CHEMBL1650818
1740,J01GB14,CHEMBL1650559
1741,A10XA01,CHEMBL436
1742,S01BA03,CHEMBL1650
1743,H02AB10,CHEMBL1650
1744,C08CA03,CHEMBL1648
1745,C09XA02,CHEMBL1639
1746,N03AX12,CHEMBL1628502
1747,D04AX01,CHEMBL1628227
1748,N06AA12,CHEMBL1628227
1749,D05BB01,CHEMBL464
1750,R06AA54,CHEMBL1626
1751,R06AA04,CHEMBL1626
1752,D04AA14,CHEMBL1626
1753,R01AC06,CHEMBL1623738
1754,D04AA01,CHEMBL1623738
1755,R06AC06,CHEMBL1623738
1756,N05AC02,CHEMBL479
1757,V04CX02,CHEMBL1622
1758,B03BB01,CHEMBL1622
1759,B03BB51,CHEMBL1622
1760,N05AX13,CHEMBL1621
1761,N02BA10,CHEMBL162036
1762,A10BG01,CHEMBL408
1763,D06AX13,CHEMBL1658
1764,L01BB04,CHEMBL1619
1765,L04AA40,CHEMBL1619
1766,J04AB05,CHEMBL1660
1767,C02KX03,CHEMBL282724
1768,A02BX14,CHEMBL1697771
1769,N05AB10,CHEMBL1697766
1770,D10AB01,CHEMBL290106
1771,P02BX01,CHEMBL290106
1772,N05BA21,CHEMBL1697737
1773,N06BX12,CHEMBL1697733
1774,R06AX11,CHEMBL296419
1775,J01AA15,CHEMBL1689772
1776,J01XA05,CHEMBL1688530
1777,N07AX03,CHEMBL168815
1778,N02AX03,CHEMBL1685
1779,M01AE06,CHEMBL340978
1780,C03AA01,CHEMBL1684
1781,L01XX41,CHEMBL1683590
1782,D07AB02,CHEMBL1683
1783,V04CC01,CHEMBL1682
1784,B05CX02,CHEMBL1682
1785,A06AD18,CHEMBL1682
1786,A06AG07,CHEMBL1682
1787,N06AB02,CHEMBL37744
1788,A10BA03,CHEMBL39736
1789,R01AD12,CHEMBL1676
1790,R03BA09,CHEMBL1676
1791,J01DD13,CHEMBL1672
1792,C02AA01,CHEMBL1668
1793,J05AE07,CHEMBL1664
1794,A06AD12,CHEMBL1661
1795,D09AA10,CHEMBL497
1796,P01AA02,CHEMBL497
1797,P01AA52,CHEMBL497
1798,S02AA05,CHEMBL497
1799,G01AC02,CHEMBL497
1800,D08AH30,CHEMBL497
1801,A03BB01,CHEMBL1618102
1802,J01MA05,CHEMBL277100
1803,C04AX07,CHEMBL1165342
1804,C09AA06,CHEMBL1592
1805,M01AH01,CHEMBL118
1806,L01XX33,CHEMBL118
1807,R01BA52,CHEMBL1590
1808,R01BA02,CHEMBL1590
1809,L01CA01,CHEMBL159
1810,C03AA05,CHEMBL1587
1811,D01AE10,CHEMBL15841
1812,C09AA04,CHEMBL1581
1813,J01ED04,CHEMBL1200359
1814,V08AA03,CHEMBL1201239
1815,M01AB02,CHEMBL15770
1816,A10BG02,CHEMBL121
1817,L01XX11,CHEMBL1575
1818,M01AC04,CHEMBL1213420
1819,M03BA72,CHEMBL1233
1820,M03BA02,CHEMBL1233
1821,M03BA52,CHEMBL1233
1822,J01GB07,CHEMBL1572
1823,S01AA23,CHEMBL1572
1824,D01AC05,CHEMBL1571863
1825,G01AF07,CHEMBL1571863
1826,S01ED04,CHEMBL1291
1827,S01ED54,CHEMBL1291
1828,D01AC08,CHEMBL157101
1829,G01AF11,CHEMBL157101
1830,H02CA03,CHEMBL157101
1831,J02AB02,CHEMBL157101
1832,N02AA08,CHEMBL1595
1833,N02AA58,CHEMBL1595
1834,B01AE05,CHEMBL522038
1835,J01CA05,CHEMBL1596
1836,D06AX11,CHEMBL1617
1837,A07AA11,CHEMBL1617
1838,N06AX02,CHEMBL54976
1839,J01MA11,CHEMBL583
1840,R01BA01,CHEMBL61006
1841,R01BA51,CHEMBL61006
1842,A06AX06,CHEMBL76370
1843,R01AC02,CHEMBL1615438
1844,S01GX02,CHEMBL1615438
1845,L01EE04,CHEMBL1614701
1846,C01AA07,CHEMBL1614
1847,M01AH03,CHEMBL865
1848,J01DD04,CHEMBL161
1849,J01DD54,CHEMBL161
1850,M01AB06,CHEMBL94081
1851,B05CA06,CHEMBL1609
1852,J01XX06,CHEMBL1609
1853,J01DD14,CHEMBL1605
1854,J01DB09,CHEMBL1604
1855,A11CC03,CHEMBL1601669
1856,J01DC06,CHEMBL1601
1857,M01AE07,CHEMBL956
1858,S01BC11,CHEMBL1077
1859,J01DB08,CHEMBL1599
1860,A03AE01,CHEMBL1110
1861,V03AB09,CHEMBL1597
1862,N05AB09,CHEMBL1697826
1863,A10BC01,CHEMBL1697838
1864,A10BF02,CHEMBL1561
1865,N07BB04,CHEMBL19019
1866,A03AA05,CHEMBL190044
1867,R03DA04,CHEMBL190
1868,R03DA74,CHEMBL190
1869,R03DA54,CHEMBL190
1870,N04BX01,CHEMBL1324
1871,A06AB01,CHEMBL1402684
1872,S01EC05,CHEMBL19
1873,L01EF01,CHEMBL189963
1874,M01AB11,CHEMBL189171
1875,C01CE02,CHEMBL189
1876,G04BD09,CHEMBL1888176
1877,R06AC05,CHEMBL1411979
1878,G03XA02,CHEMBL1868702
1879,D06BX02,CHEMBL1863513
1880,J01DE01,CHEMBL186
1881,M03AC01,CHEMBL185073
1882,L01BC02,CHEMBL185
1883,L01BC52,CHEMBL185
1884,R01AX08,CHEMBL184618
1885,D09AA01,CHEMBL184618
1886,S01AA07,CHEMBL184618
1887,L03AX16,CHEMBL18442
1888,C01BD07,CHEMBL184412
1889,J05AB01,CHEMBL184
1890,S01AD03,CHEMBL184
1891,D06BB53,CHEMBL184
1892,D06BB03,CHEMBL184
1893,A08AA10,CHEMBL1419
1894,R05DB03,CHEMBL1474889
1895,N05AE03,CHEMBL12713
1896,N03AX24,CHEMBL190461
1897,H01CB01,CHEMBL1823872
1898,B01AF01,CHEMBL198362
1899,N03AX17,CHEMBL1983350
1900,M03BB72,CHEMBL1200714
1901,M03BB52,CHEMBL1200714
1902,M03BB02,CHEMBL1200714
1903,S01EE05,CHEMBL1963683
1904,G04BE10,CHEMBL1963681
1905,G01AD03,CHEMBL196
1906,A11GA01,CHEMBL196
1907,S01XA15,CHEMBL196
1908,J01AA13,CHEMBL1951095
1909,L01EX05,CHEMBL1946170
1910,G03CA04,CHEMBL193482
1911,G03CC06,CHEMBL193482
1912,R03DX07,CHEMBL193240
1913,C02AC05,CHEMBL19236
1914,G02CB05,CHEMBL19215
1915,G04BE03,CHEMBL192
1916,C09CA01,CHEMBL191
1917,A03AX04,CHEMBL1909324
1918,M01AH02,CHEMBL122
1919,L01EG02,CHEMBL1908360
1920,L04AA18,CHEMBL1908360
1921,C10AA06,CHEMBL1477
1922,M01AE10,CHEMBL15870
1923,C03CC02,CHEMBL267744
1924,C01AA05,CHEMBL1751
1925,M01AE14,CHEMBL175
1926,S01AA15,CHEMBL1950576
1927,J01GB01,CHEMBL1747
1928,S01AA12,CHEMBL1747
1929,J01DD16,CHEMBL1743
1930,R06AX29,CHEMBL1742423
1931,J01FA09,CHEMBL1741
1932,N05AL04,CHEMBL22242
1933,C01DX04,CHEMBL232201
1934,C01DX54,CHEMBL232201
1935,V08AA02,CHEMBL1736
1936,C01DX02,CHEMBL24072
1937,C01DX52,CHEMBL24072
1938,A08AA04,CHEMBL248702
1939,G04BD08,CHEMBL1734
1940,N02CA01,CHEMBL1732
1941,N02CA51,CHEMBL1732
1942,J01CA10,CHEMBL1731
1943,C08CA07,CHEMBL1726
1944,V08AB05,CHEMBL1725
1945,S01EC02,CHEMBL17
1946,C02CC04,CHEMBL169901
1947,L01BB06,CHEMBL1750
1948,R03DA51,CHEMBL1752
1949,R03DA01,CHEMBL1752
1950,S01AD09,CHEMBL182
1951,J05AB06,CHEMBL182
1952,A08AB01,CHEMBL175247
1953,V03AH01,CHEMBL181
1954,C02DA01,CHEMBL181
1955,L01EH02,CHEMBL180022
1956,L01EJ01,CHEMBL1789941
1957,N02BE53,CHEMBL16073
1958,N02BE03,CHEMBL16073
1959,N02BE73,CHEMBL16073
1960,C03CD01,CHEMBL1697760
1961,N07BC04,CHEMBL17860
1962,L01DB02,CHEMBL178
1963,V09AX05,CHEMBL1774461
1964,A10BA01,CHEMBL170988
1965,L01BC06,CHEMBL1773
1966,B01AC04,CHEMBL1771
1967,A10BK04,CHEMBL1770248
1968,S01AA21,CHEMBL177
1969,D06AX12,CHEMBL177
1970,J01GB06,CHEMBL177
1971,R06AX12,CHEMBL17157
1972,N05AA02,CHEMBL1764
1973,A03FA02,CHEMBL1729
1974,R03CC53,CHEMBL1760
1975,R03AC03,CHEMBL1760
1976,R03CC03,CHEMBL1760
1977,J05AG05,CHEMBL175691
1978,R07AB01,CHEMBL1754
1979,G01AA10,CHEMBL1753
1980,D10AF51,CHEMBL1753
1981,D10AF01,CHEMBL1753
1982,J01FF01,CHEMBL1753
1983,A01AB18,CHEMBL104
1984,G01AF02,CHEMBL104
1985,D01AC01,CHEMBL104
1986,G03GB01,CHEMBL141305
1987,D01AE14,CHEMBL1413
1988,G01AX12,CHEMBL1413
1989,A10BA02,CHEMBL1431
1990,M01CC01,CHEMBL1430
1991,H01BA02,CHEMBL1429
1992,C08CA06,CHEMBL1428
1993,A10BH02,CHEMBL142703
1994,J05AP02,CHEMBL231813
1995,N05AG02,CHEMBL1423
1996,A10BH01,CHEMBL1422
1997,L01EA02,CHEMBL1421
1998,V03AB04,CHEMBL1420
1999,N05CC05,CHEMBL1410743
2000,J05AF05,CHEMBL141
2001,N06BX05,CHEMBL254857
2002,R02AA19,CHEMBL14060
2003,C05BB05,CHEMBL14060
2004,N01BX03,CHEMBL14060
2005,D08AE03,CHEMBL14060
2006,N05CA02,CHEMBL267894
2007,G03CC04,CHEMBL1405
2008,G03CA07,CHEMBL1405
2009,C01EB18,CHEMBL1404
2010,P01AX11,CHEMBL1401
2011,L02BG03,CHEMBL1399
2012,G03HA01,CHEMBL139835
2013,J02AC04,CHEMBL1397
2014,A01AB23,CHEMBL1434
2015,D10AF07,CHEMBL1434
2016,J01AA08,CHEMBL1434
2017,D08AX53,CHEMBL14687
2018,D08AX03,CHEMBL14687
2019,J01CA13,CHEMBL1449
2020,B01AA01,CHEMBL1466
2021,B01AA04,CHEMBL1465
2022,B01AA03,CHEMBL1464
2023,J02AX01,CHEMBL1463
2024,D01AE21,CHEMBL1463
2025,J05AF02,CHEMBL1460
2026,R05DA03,CHEMBL1457
2027,R07AB52,CHEMBL2104607
2028,R07AB02,CHEMBL2104607
2029,P03BX01,CHEMBL1453317
2030,D09AA13,CHEMBL1451116
2031,H02AB08,CHEMBL1451
2032,R03BA06,CHEMBL1451
2033,R01AD11,CHEMBL1451
2034,D07XB02,CHEMBL1451
2035,S01BA05,CHEMBL1451
2036,C05AA12,CHEMBL1451
2037,D07AB09,CHEMBL1451
2038,A01AC01,CHEMBL1451
2039,N02BG04,CHEMBL2105075
2040,C09AA01,CHEMBL1560
2041,P02DA01,CHEMBL1448
2042,N05BX03,CHEMBL2106227
2043,N05CA22,CHEMBL2105233
2044,J01FF02,CHEMBL1447
2045,G01AX16,CHEMBL144673
2046,A01AB12,CHEMBL144673
2047,G03BA01,CHEMBL1445
2048,J01CF06,CHEMBL1443
2049,J04AD03,CHEMBL1441
2050,A04AD54,CHEMBL1439973
2051,A04AD04,CHEMBL1439973
2052,M03BX07,CHEMBL2105527
2053,N05AX14,CHEMBL14376
2054,N06AX18,CHEMBL14370
2055,C01CA03,CHEMBL1437
2056,J01DC02,CHEMBL1436
2057,S01AA27,CHEMBL1436
2058,N05AL06,CHEMBL2105581
2059,N07BA03,CHEMBL1396
2060,G03BA02,CHEMBL1395
2061,G03EK01,CHEMBL1395
2062,J05AH03,CHEMBL139367
2063,M05BA05,CHEMBL1350
2064,G03CA53,CHEMBL135
2065,G03CA03,CHEMBL135
2066,J05AB11,CHEMBL1349
2067,G04BD10,CHEMBL1346
2068,C02AC01,CHEMBL134
2069,N02CX02,CHEMBL134
2070,S01EA04,CHEMBL134
2071,G04BX12,CHEMBL1339216
2072,L01EX02,CHEMBL1336
2073,B01AC18,CHEMBL1332032
2074,A03BA03,CHEMBL1331216
2075,C01DX12,CHEMBL1329455
2076,V04CG04,CHEMBL1328
2077,C03DA01,CHEMBL1393
2078,J05AE10,CHEMBL1323
2079,M04AB03,CHEMBL388590
2080,L01XB01,CHEMBL1321
2081,N05CD02,CHEMBL13209
2082,C03BA09,CHEMBL1318341
2083,G04BX16,CHEMBL1314
2084,C01DA14,CHEMBL1311
2085,S02BA03,CHEMBL131
2086,D07XA02,CHEMBL131
2087,R01AD02,CHEMBL131
2088,D07AA03,CHEMBL131
2089,R01AD52,CHEMBL131
2090,C05AA04,CHEMBL131
2091,S03BA02,CHEMBL131
2092,A07EA01,CHEMBL131
2093,H02AB06,CHEMBL131
2094,A01AC54,CHEMBL131
2095,S01BA04,CHEMBL131
2096,S01CB02,CHEMBL131
2097,R01AC04,CHEMBL1305
2098,R06AX05,CHEMBL1305
2099,N04BC09,CHEMBL1303
2100,L02BA03,CHEMBL1358
2101,J01DH03,CHEMBL1359
2102,G03AD01,CHEMBL1389
2103,G03AC03,CHEMBL1389
2104,D11AX13,CHEMBL1388
2105,N05CA10,CHEMBL268164
2106,J01ED05,CHEMBL268869
2107,J01GB04,CHEMBL1384
2108,S01AA24,CHEMBL1384
2109,A07AA08,CHEMBL1384
2110,R06AE06,CHEMBL13828
2111,D06BA51,CHEMBL1382627
2112,D06BA01,CHEMBL1382627
2113,N06AX04,CHEMBL273575
2114,J04AD01,CHEMBL1378024
2115,P01BB01,CHEMBL1377
2116,P01BB51,CHEMBL1377
2117,N06AX07,CHEMBL278819
2118,R05DB01,CHEMBL1374379
2119,C03AA07,CHEMBL1373254
2120,N06BA07,CHEMBL1373
2121,S01AE06,CHEMBL31
2122,J01MA16,CHEMBL31
2123,J01DB02,CHEMBL316157
2124,M03BB53,CHEMBL1371
2125,M03BB03,CHEMBL1371
2126,M03BB73,CHEMBL1371
2127,A02BX06,CHEMBL316561
2128,G02CA03,CHEMBL32800
2129,R03CC04,CHEMBL32800
2130,R03AC04,CHEMBL32800
2131,M01CB03,CHEMBL1366
2132,A11HA02,CHEMBL1364
2133,M04AA01,CHEMBL1467
2134,M04AA51,CHEMBL1467
2135,P01AX06,CHEMBL1450
2136,H03BB52,CHEMBL1515
2137,H03BB02,CHEMBL1515
2138,C10AA07,CHEMBL1496
2139,P02CA05,CHEMBL1454946
2140,A03AA01,CHEMBL1495
2141,G04BD02,CHEMBL1493
2142,C04AX27,CHEMBL1874750
2143,R05CB06,CHEMBL153479
2144,P02CE01,CHEMBL1454
2145,N06AA16,CHEMBL1492500
2146,P01BA02,CHEMBL1535
2147,N05CF04,CHEMBL1522
2148,A11CC01,CHEMBL1536
2149,C08CA01,CHEMBL1491
2150,P03AC04,CHEMBL1525
2151,P03AC54,CHEMBL1525
2152,N04AA01,CHEMBL1490
2153,C03DA03,CHEMBL1463345
2154,M02AA16,CHEMBL1452696
2155,M01AX18,CHEMBL1452696
2156,M01AX68,CHEMBL1452696
2157,A07AB02,CHEMBL1524273
2158,C05AA11,CHEMBL1501
2159,D07AC08,CHEMBL1501
2160,A02BC02,CHEMBL1502
2161,G03AC08,CHEMBL1531
2162,C03BA02,CHEMBL1532
2163,G04BE06,CHEMBL159226
2164,C04AX10,CHEMBL159226
2165,R01AD04,CHEMBL1512
2166,R03BA03,CHEMBL1512
2167,G03AC09,CHEMBL1533
2168,A11HA04,CHEMBL1534
2169,S01XA26,CHEMBL1534
2170,J01AA06,CHEMBL1517
2171,D06AA03,CHEMBL1517
2172,S01AA04,CHEMBL1517
2173,G01AA07,CHEMBL1517
2174,J01AA56,CHEMBL1517
2175,G03AC10,CHEMBL1509
2176,N02BG03,CHEMBL146095
2177,J01BA01,CHEMBL1506
2178,G01AA05,CHEMBL1506
2179,D10AF03,CHEMBL1506
2180,D06AX02,CHEMBL1506
2181,S01AA01,CHEMBL1506
2182,S02AA01,CHEMBL1506
2183,S03AA08,CHEMBL1506
2184,C09CA04,CHEMBL1513
2185,L01BC07,CHEMBL1489
2186,J01CA09,CHEMBL1537
2187,J01DD08,CHEMBL1541
2188,N02BA06,CHEMBL154111
2189,D11AE01,CHEMBL1418176
2190,A14AA03,CHEMBL1418176
2191,V03AB32,CHEMBL1543
2192,N02AC05,CHEMBL2104149
2193,D07AA02,CHEMBL1549
2194,D07XA01,CHEMBL1549
2195,S01BA02,CHEMBL1549
2196,H02AB09,CHEMBL1549
2197,S02BA01,CHEMBL1549
2198,S01CB03,CHEMBL1549
2199,A07EA02,CHEMBL1549
2200,C05AA01,CHEMBL1549
2201,A01AC03,CHEMBL1549
2202,N05CF03,CHEMBL1521
2203,B02BA01,CHEMBL1550
2204,D05AD01,CHEMBL1475
2205,D05BA01,CHEMBL1475
2206,D07AC17,CHEMBL1473
2207,R01AD08,CHEMBL1473
2208,R03BA05,CHEMBL1473
2209,R01AD58,CHEMBL1473
2210,V04CJ02,CHEMBL1472
2211,L01DA01,CHEMBL1554
2212,A04AD12,CHEMBL1471
2213,G04BE09,CHEMBL1520
2214,L01AD08,CHEMBL1488
2215,C09AA10,CHEMBL1519
2216,C08CA04,CHEMBL1484
2217,P02CA03,CHEMBL1483
2218,J05AF07,CHEMBL1538
2219,N07AB02,CHEMBL1482
2220,G03XA01,CHEMBL1479
2221,A10BB12,CHEMBL1481
2222,J05AB12,CHEMBL152
2223,G02CC02,CHEMBL154
2224,M01AE02,CHEMBL154
2225,M02AA12,CHEMBL154
2226,J05AB13,CHEMBL1540
2227,D06BB06,CHEMBL1540
2228,C04AX01,CHEMBL1480987
2229,C08CA02,CHEMBL1480
2230,N05CM01,CHEMBL282052
2231,N05CX02,CHEMBL282052
2232,J01DB05,CHEMBL1644
2233,A08AX01,CHEMBL111
2234,R05DB09,CHEMBL1500276
2235,H02AB17,CHEMBL2105842
2236,L04AX02,CHEMBL468
2237,J01MB07,CHEMBL370252
2238,D01AE17,CHEMBL1184360
2239,N05CD03,CHEMBL13280
2240,L01AA06,CHEMBL1024
2241,N02AC04,CHEMBL1213351
2242,C08CX01,CHEMBL45816
2243,G04BD05,CHEMBL363295
2244,R03CC05,CHEMBL1589896
2245,R03AC06,CHEMBL1589896
2246,C09CA08,CHEMBL1200692
2247,N06AF02,CHEMBL1256841
2248,R03AB03,CHEMBL776
2249,R03CB03,CHEMBL776
2250,D08AC05,CHEMBL2106939
2251,N06AX13,CHEMBL85231
2252,N02BE74,CHEMBL1697856
2253,N02BE04,CHEMBL1697856
2254,N02BE54,CHEMBL1697856
2255,C01BC04,CHEMBL652
2256,G01AA04,CHEMBL1200647
2257,R05DB04,CHEMBL2105002
2258,N05CD09,CHEMBL32479
2259,C04AX28,CHEMBL305187
2260,J05AP06,CHEMBL2105735
2261,N01AX04,CHEMBL2105345
2262,M01AE13,CHEMBL292707
2263,C01BG01,CHEMBL1075
2264,J01FG01,CHEMBL2146161
2265,C08EA01,CHEMBL254832
2266,J01DD09,CHEMBL2303613
2267,N06AA08,CHEMBL1442422
2268,N02BB73,CHEMBL288470
2269,N02BB03,CHEMBL288470
2270,N02BB53,CHEMBL288470
2271,A07EA04,CHEMBL1497
2272,H02AB01,CHEMBL1497
2273,S01CB04,CHEMBL1497
2274,D07XC01,CHEMBL1497
2275,S01BA06,CHEMBL1497
2276,C05AA05,CHEMBL1497
2277,D07AC01,CHEMBL1497
2278,R01AD06,CHEMBL1497
2279,S03BA03,CHEMBL1497
2280,R03BA04,CHEMBL1497
2281,S02BA07,CHEMBL1497
2282,C01BC08,CHEMBL315838
2283,N01AF02,CHEMBL7728
2284,N05CA16,CHEMBL7728
2285,N05CM02,CHEMBL315795
2286,N05CX04,CHEMBL315795
2287,R06AX15,CHEMBL1625607
2288,C02CA02,CHEMBL279516
2289,C02KD01,CHEMBL51
2290,A01AC01,CHEMBL1200878
2291,R01AD11,CHEMBL1200878
2292,D07AB09,CHEMBL1200878
2293,D07XB02,CHEMBL1200878
2294,S01BA05,CHEMBL1200878
2295,C05AA12,CHEMBL1200878
2296,H02AB08,CHEMBL1200878
2297,R03BA06,CHEMBL1200878
2298,J01CE06,CHEMBL2106988
2299,N05AB05,CHEMBL1697851
2300,N05AD01,CHEMBL1200986
2301,J01CA11,CHEMBL530
2302,J01MA09,CHEMBL850
2303,V06DC02,CHEMBL604608
2304,N03AX30,CHEMBL64195
2305,R07AB03,CHEMBL116943
2306,R07AB53,CHEMBL116943
2307,C08EX02,CHEMBL75880
2308,A06AB53,CHEMBL53418
2309,A06AB03,CHEMBL53418
2310,N04BC02,CHEMBL531
2311,M01AB04,CHEMBL19490
2312,M01AE08,CHEMBL188952
2313,J01CA18,CHEMBL1201116
2314,R06AX53,CHEMBL2105458
2315,D04AA03,CHEMBL2105458
2316,R06AX03,CHEMBL2105458
2317,N05CA04,CHEMBL444
2318,S01EC01,CHEMBL20
2319,G03CA53,CHEMBL1511
2320,G03CA03,CHEMBL1511
2321,G04BE04,CHEMBL15245
2322,R06AX23,CHEMBL152408
2323,L04AA27,CHEMBL314854
2324,H03BA02,CHEMBL1518
2325,R02AA03,CHEMBL3184437
2326,N02CC06,CHEMBL1510
2327,L01EX17,CHEMBL3188267
2328,N02CC05,CHEMBL1505
2329,G03XC03,CHEMBL328190
2330,N03AX03,CHEMBL328560
2331,L01ED05,CHEMBL3286830
2332,H02CA02,CHEMBL3099695
2333,R06AX22,CHEMBL305660
2334,A07EA06,CHEMBL1370
2335,R03BA02,CHEMBL1370
2336,D07AC09,CHEMBL1370
2337,R01AD05,CHEMBL1370
2338,J01DF01,CHEMBL158
2339,N06BX16,CHEMBL159776
2340,M01AE05,CHEMBL277522
2341,V04CD06,CHEMBL278623
2342,D06AA01,CHEMBL1591
2343,J01AA01,CHEMBL1591
2344,L01AX02,CHEMBL1585
2345,L01XX08,CHEMBL1580
2346,J01CE01,CHEMBL29
2347,S01AA14,CHEMBL29
2348,L04AX01,CHEMBL1542
2349,A08AA01,CHEMBL1574
2350,G02CB02,CHEMBL157138
2351,N02CA07,CHEMBL157138
2352,N02CX01,CHEMBL294951
2353,M01AC05,CHEMBL1569487
2354,A10BF01,CHEMBL1566
2355,N07BA01,CHEMBL3
2356,J05AX29,CHEMBL3301594
2357,R06AA07,CHEMBL1492
2358,R06AA57,CHEMBL1492
2359,L01EC03,CHEMBL3301612
2360,J01AA12,CHEMBL376140
2361,G02CX01,CHEMBL382301
2362,J05AC03,CHEMBL3989506
2363,D06BB02,CHEMBL3989506
2364,M01AB55,CHEMBL139
2365,S01BC03,CHEMBL139
2366,D11AX18,CHEMBL139
2367,M01AB05,CHEMBL139
2368,M02AA15,CHEMBL139
2369,G04BD07,CHEMBL1382
2370,J05AF06,CHEMBL1380
2371,J01MA01,CHEMBL4
2372,S02AA16,CHEMBL4
2373,S01AE01,CHEMBL4
2374,J01CG01,CHEMBL403
2375,D06AA02,CHEMBL404520
2376,J01AA03,CHEMBL404520
2377,S01AA02,CHEMBL404520
2378,A01AB21,CHEMBL404520
2379,C04AE02,CHEMBL1372950
2380,J01DB04,CHEMBL1435
2381,A04AD14,CHEMBL3707331
2382,C10AA05,CHEMBL1487
2383,A06AX08,CHEMBL3304485
2384,N02AF01,CHEMBL33986
2385,L01XX03,CHEMBL1455
2386,C10AX15,CHEMBL3545313
2387,L02BG04,CHEMBL1444
2388,M01AE11,CHEMBL365795
2389,N06BX03,CHEMBL36715
2390,C02DB02,CHEMBL276832
2391,N03AB02,CHEMBL16
2392,N03AB52,CHEMBL16
2393,S01XA18,CHEMBL160
2394,L04AD01,CHEMBL160
2395,J01XX01,CHEMBL1757
2396,L04AA37,CHEMBL2105759
2397,A16AX02,CHEMBL178862
2398,P01AC03,CHEMBL1788393
2399,B05CA07,CHEMBL2106441
2400,D07AC03,CHEMBL1766
2401,D07XC02,CHEMBL1766
2402,C01BB03,CHEMBL1762
2403,C03XA02,CHEMBL1755
2404,S01EC04,CHEMBL220491
2405,S01EC54,CHEMBL220491
2406,L01CA05,CHEMBL2110725
2407,N06BX15,CHEMBL2110938
2408,H01BA04,CHEMBL2135460
2409,J01CA01,CHEMBL174
2410,J01CA51,CHEMBL174
2411,S01AA19,CHEMBL174
2412,N06AA21,CHEMBL21731
2413,L01ED03,CHEMBL1738797
2414,J01MA23,CHEMBL2105637
2415,B05CA05,CHEMBL2105420
2416,G03XC05,CHEMBL2105395
2417,R01AX05,CHEMBL2105322
2418,L01EX14,CHEMBL1983268
2419,V09AX04,CHEMBL2042122
2420,S01XA25,CHEMBL2048028
2421,G04BE52,CHEMBL19224
2422,G04BE02,CHEMBL19224
2423,A03AD01,CHEMBL19224
2424,G04BD12,CHEMBL2095212
2425,D09AA05,CHEMBL1907001
2426,N07XX08,CHEMBL2103837
2427,G03XB02,CHEMBL2103846
2428,G03AD02,CHEMBL2103846
2429,A06AX07,CHEMBL2103867
2430,C02KX04,CHEMBL2103873
2431,L01EE01,CHEMBL2103875
2432,A03FA03,CHEMBL219916
2433,N03AX11,CHEMBL220492
2434,J02AA01,CHEMBL267345
2435,A01AB04,CHEMBL267345
2436,A07AA07,CHEMBL267345
2437,G01AA03,CHEMBL267345
2438,C01AA04,CHEMBL254219
2439,J05AE03,CHEMBL163
2440,J05AJ04,CHEMBL2403238
2441,S01AX06,CHEMBL24147
2442,D10AX02,CHEMBL24147
2443,P02CC01,CHEMBL1626223
2444,R06AE55,CHEMBL1623
2445,R06AE05,CHEMBL1623
2446,N06BX13,CHEMBL252556
2447,S01FA05,CHEMBL1618018
2448,J05AJ01,CHEMBL254316
2449,J01DD01,CHEMBL1730
2450,L02BX03,CHEMBL254328
2451,L01EA03,CHEMBL255863
2452,J01CE05,CHEMBL1614637
2453,L01CA03,CHEMBL238071
2454,A03AX10,CHEMBL1697841
2455,L04AA29,CHEMBL221959
2456,J05AE09,CHEMBL222559
2457,D07AC14,CHEMBL1697782
2458,R05CB15,CHEMBL1697744
2459,L01BA04,CHEMBL225072
2460,C05CA01,CHEMBL226335
2461,C05CA51,CHEMBL226335
2462,C05AE03,CHEMBL23
2463,C08DB01,CHEMBL23
2464,H01CB02,CHEMBL1680
2465,L01DB11,CHEMBL167731
2466,L01XX23,CHEMBL1670
2467,D05AX05,CHEMBL1657
2468,L02BA02,CHEMBL1655
2469,C03BA11,CHEMBL406
2470,C03AA06,CHEMBL1054
2471,L01XX35,CHEMBL760
2472,P03AX06,CHEMBL720
2473,G01AF08,CHEMBL1200438
2474,D01AC07,CHEMBL1200438
2475,G03CA03,CHEMBL1200430
2476,G03CA53,CHEMBL1200430
2477,N01AF01,CHEMBL7413
2478,N05CA15,CHEMBL7413
2479,N07XX02,CHEMBL744
2480,H02AB05,CHEMBL1200342
2481,N05AH04,CHEMBL716
2482,N05CM18,CHEMBL778
2483,A10BX03,CHEMBL783
2484,R03DC53,CHEMBL787
2485,R03DC03,CHEMBL787
2486,R02AD02,CHEMBL79
2487,D04AB01,CHEMBL79
2488,N01BB02,CHEMBL79
2489,S01HA07,CHEMBL79
2490,C01BB01,CHEMBL79
2491,N01BB52,CHEMBL79
2492,S02DA01,CHEMBL79
2493,C05AD01,CHEMBL79
2494,J01MA02,CHEMBL8
2495,S03AA07,CHEMBL8
2496,S01AE03,CHEMBL8
2497,S02AA15,CHEMBL8
2498,D06BB11,CHEMBL1200453
2499,N05AH03,CHEMBL715
2500,D06BX01,CHEMBL137
2501,P01AB51,CHEMBL137
2502,G01AF01,CHEMBL137
2503,A01AB17,CHEMBL137
2504,P01AB01,CHEMBL137
2505,J01XD01,CHEMBL137
2506,D11AH02,CHEMBL1200686
2507,D01AE22,CHEMBL626
2508,S01XA11,CHEMBL1200946
2509,A14AB01,CHEMBL1200946
2510,N06BA09,CHEMBL641
2511,C07AB04,CHEMBL642
2512,V09CX02,CHEMBL1200763
2513,J01DE02,CHEMBL65794
2514,D05AX02,CHEMBL1200666
2515,D05AX52,CHEMBL1200666
2516,C10AB05,CHEMBL672
2517,N05AE04,CHEMBL708
2518,P03AX03,CHEMBL1200468
2519,B01AA02,CHEMBL711
2520,R07AB07,CHEMBL1183717
2521,L01AX03,CHEMBL810
2522,N06AB08,CHEMBL814
2523,C03DB01,CHEMBL945
2524,N03AX07,CHEMBL918
2525,J05AF08,CHEMBL922
2526,M05BA08,CHEMBL924
2527,R03AC18,CHEMBL1095777
2528,C01CA07,CHEMBL926
2529,J01DD15,CHEMBL927
2530,P02BX04,CHEMBL1086440
2531,L01EB03,CHEMBL1173655
2532,N05BC01,CHEMBL979
2533,N05BC51,CHEMBL979
2534,N05CX01,CHEMBL979
2535,L01XH01,CHEMBL98
2536,A10BB07,CHEMBL1073
2537,C03CA02,CHEMBL1072
2538,M01AX01,CHEMBL1070
2539,M04AC01,CHEMBL107
2540,R03CC14,CHEMBL1095607
2541,R03AC15,CHEMBL1095607
2542,R06AX28,CHEMBL91397
2543,N05CF02,CHEMBL911
2544,N02CC04,CHEMBL905
2545,N04AA02,CHEMBL1101
2546,D01AE15,CHEMBL822
2547,D01BA02,CHEMBL822
2548,M04AB02,CHEMBL832
2549,D07AD01,CHEMBL1159650
2550,L04AX04,CHEMBL848
2551,N05AX08,CHEMBL85
2552,J01DC03,CHEMBL1146
2553,R06AX07,CHEMBL855
2554,V04CC03,CHEMBL1121
2555,B02AA02,CHEMBL877
2556,N04BD02,CHEMBL887
2557,J01CF02,CHEMBL891
2558,P01BX01,CHEMBL1107
2559,D03AX03,CHEMBL1200979
2560,A11HA30,CHEMBL1200979
2561,S01XA12,CHEMBL1200979
2562,S01BA11,CHEMBL1201109
2563,D07AB08,CHEMBL1201109
2564,L01XX40,CHEMBL46286
2565,L01AB02,CHEMBL455186
2566,C10AB04,CHEMBL457
2567,L01XD07,CHEMBL4594284
2568,C05BB02,CHEMBL1231723
2569,A10BB02,CHEMBL498
2570,P01AB02,CHEMBL1220
2571,J01XD02,CHEMBL1220
2572,L01AX04,CHEMBL476
2573,L01XH03,CHEMBL483254
2574,M01AH04,CHEMBL1206690
2575,N02CA04,CHEMBL485253
2576,N02AX06,CHEMBL1201776
2577,L01XG02,CHEMBL451887
2578,N05CH01,CHEMBL45
2579,J05AX24,CHEMBL1257073
2580,C01CX09,CHEMBL408403
2581,A16AX04,CHEMBL1337
2582,L01EX18,CHEMBL4204794
2583,L01CD01,CHEMBL428647
2584,V03AB34,CHEMBL1308
2585,A16AX17,CHEMBL4297585
2586,C07AB02,CHEMBL13
2587,J01DC07,CHEMBL1296
2588,C01BA01,CHEMBL1294
2589,C01BA51,CHEMBL1294
2590,C01BA71,CHEMBL1294
2591,D02BB02,CHEMBL441738
2592,C01DX06,CHEMBL127300
2593,L01CB01,CHEMBL44657
2594,B01AC11,CHEMBL494
2595,P01AB07,CHEMBL498847
2596,N03AX23,CHEMBL607400
2597,N04AC01,CHEMBL1201203
2598,L02AE03,CHEMBL1201247
2599,J01FA08,CHEMBL564085
2600,C10AB01,CHEMBL565
2601,C09AA02,CHEMBL578
2602,N05BA56,CHEMBL580
2603,N05BA06,CHEMBL580
2604,N04BC04,CHEMBL589
2605,C07AA06,CHEMBL499
2606,S01ED51,CHEMBL499
2607,S01ED01,CHEMBL499
2608,L02AE02,CHEMBL1201199
2609,J01DC09,CHEMBL1201195
2610,J05AX09,CHEMBL1201187
2611,H01CB03,CHEMBL1201185
2612,S01GX06,CHEMBL594
2613,G02AD06,CHEMBL606
2614,A02BB01,CHEMBL606
2615,C01CA22,CHEMBL1201251
2616,L02AE05,CHEMBL1201255
2617,C01BB02,CHEMBL558
2618,A03AB07,CHEMBL1201264
2619,G04BD11,CHEMBL1201764
2620,J01MB02,CHEMBL5
2621,L01BA05,CHEMBL1201746
2622,H03BB01,CHEMBL508102
2623,S01EB03,CHEMBL1201341
2624,S01FA54,CHEMBL1201338
2625,S01FA04,CHEMBL1201338
2626,N03AB05,CHEMBL1201336
2627,D11AA01,CHEMBL1201335
2628,C02BA01,CHEMBL1201329
2629,N01AX10,CHEMBL526
2630,V08AB03,CHEMBL1201291
2631,D11AX06,CHEMBL544
2632,C07AA02,CHEMBL546
2633,N06AB04,CHEMBL549
2634,N07AX01,CHEMBL550
2635,S01EB01,CHEMBL550
2636,S01EB51,CHEMBL550
2637,M02AA11,CHEMBL1089221
2638,S01BC07,CHEMBL1089221
