,chembl_id,atc_code
0,CHEMBL41355,N03AX21
2,CHEMBL409153,J02AC05
4,CHEMBL41,N06AB03
6,CHEMBL41286,M01AX21
8,CHEMBL413,L04AA10
9,CHEMBL413,S01XA23
12,CHEMBL415,N06AA04
14,CHEMBL415606,L02BX02
16,CHEMBL416,D05AD02
17,CHEMBL416,D05BA02
20,CHEMBL416146,M01AH05
22,CHEMBL416956,P01BC02
23,CHEMBL417,L01DB03
25,CHEMBL408513,L01XH04
27,CHEMBL407,V03AB25
29,CHEMBL3989974,J01DI04
30,CHEMBL3989868,L01EH03
32,CHEMBL3989908,L01XX59
34,CHEMBL3989949,N03AX25
36,CHEMBL3989958,L01XX62
38,CHEMBL3990047,D06AX14
40,CHEMBL403664,L01DC01
41,CHEMBL404,J01CG02
43,CHEMBL404422,N05CA03
45,CHEMBL406393,D11AX24
47,CHEMBL419,D06BA03
49,CHEMBL421,A07EC01
50,CHEMBL439,J01EC02
52,CHEMBL431,C09AA11
54,CHEMBL429910,A10BK01
56,CHEMBL43,L01XX01
58,CHEMBL430,J01MA15
59,CHEMBL43064,N07CA02
61,CHEMBL43064,N07CA52
62,CHEMBL431770,N04CX01
64,CHEMBL433,N03AG01
65,CHEMBL434,C01CA02
66,CHEMBL434,R03AB02
67,CHEMBL434,R03CB01
69,CHEMBL434,R03CB51
72,CHEMBL434394,C07AB12
73,CHEMBL43452,L04AX06
75,CHEMBL435,C03AA03
76,CHEMBL435,C03AX01
78,CHEMBL437765,A07AA13
79,CHEMBL437765,D06AX15
80,CHEMBL437765,J04AB03
81,CHEMBL437765,S01AA16
82,CHEMBL437765,S02AA12
88,CHEMBL4297620,N06BA14
90,CHEMBL4297528,M09AX10
92,CHEMBL4216467,L01EX19
94,CHEMBL428880,A07EB01
95,CHEMBL428880,D11AH03
96,CHEMBL428880,R01AC01
97,CHEMBL428880,R03BC01
98,CHEMBL428880,S01GX01
103,CHEMBL428880,R01AC51
105,CHEMBL428880,S01GX51
106,CHEMBL422,N05AB06
108,CHEMBL424,D01AE12
109,CHEMBL424,S01BC08
112,CHEMBL425,A07EC03
113,CHEMBL427,L01AA05
115,CHEMBL427216,A10BB09
117,CHEMBL4297526,N05CD14
119,CHEMBL4297185,L02BB06
121,CHEMBL4297503,J05AX25
123,CHEMBL4297516,L01XX69
124,CHEMBL4297522,L01EX20
126,CHEMBL3989529,C05BB01
127,CHEMBL3989523,V09IX01
128,CHEMBL354541,C10AX12
130,CHEMBL3545185,L01XX66
132,CHEMBL3545311,L01ED04
134,CHEMBL3545376,L01EX16
136,CHEMBL35505,C02DB01
138,CHEMBL3545110,L01EF02
139,CHEMBL36,P01BD01
141,CHEMBL36,P01BD51
142,CHEMBL360328,A08AA11
143,CHEMBL361497,P01BE03
145,CHEMBL3622821,L04AA44
147,CHEMBL3545184,H05BX04
149,CHEMBL3989517,V09AB03
150,CHEMBL346331,R05DA06
152,CHEMBL3400972,V09IX05
154,CHEMBL34259,L01BA01
155,CHEMBL34259,L04AX03
158,CHEMBL343448,L01XH02
160,CHEMBL344159,C03XA01
161,CHEMBL345714,C10AD06
162,CHEMBL346977,N02CX05
164,CHEMBL3545057,C01AA01
166,CHEMBL349803,C03CA03
168,CHEMBL35,C03CA01
170,CHEMBL350221,N06AX01
172,CHEMBL354077,N07XX05
174,CHEMBL370143,A07AA06
176,CHEMBL3707206,A12AA08
177,CHEMBL3707247,L04AA38
179,CHEMBL3889654,L01EX12
181,CHEMBL389621,A01AC03
182,CHEMBL389621,A07EA02
183,CHEMBL389621,C05AA01
184,CHEMBL389621,D07AA02
185,CHEMBL389621,D07XA01
186,CHEMBL389621,H02AB09
187,CHEMBL389621,S01BA02
188,CHEMBL389621,S01CB03
189,CHEMBL389621,S02BA01
196,CHEMBL389621,R01AD60
200,CHEMBL3936761,L01EL03
201,CHEMBL395091,N01AX14
202,CHEMBL395091,N06AX27
205,CHEMBL396416,R05CB03
207,CHEMBL3707313,D10AD06
209,CHEMBL396778,N04BD03
211,CHEMBL397420,B01AA07
213,CHEMBL398435,B01AC24
215,CHEMBL398440,D08AE05
217,CHEMBL398880,N05AC04
218,CHEMBL387675,J01XX09
219,CHEMBL386630,G03BA03
221,CHEMBL385517,A10BH03
222,CHEMBL383634,A10BB08
224,CHEMBL3833319,R03BB08
226,CHEMBL3813873,L01EX15
228,CHEMBL379845,C04AC01
229,CHEMBL379845,C10AD02
230,CHEMBL376488,J04AK05
232,CHEMBL376359,A10BH04
233,CHEMBL374975,D06AX01
234,CHEMBL374975,D09AA02
235,CHEMBL374975,J01XC01
236,CHEMBL374975,S01AA13
241,CHEMBL374731,J05AF11
243,CHEMBL374478,J04AB02
244,CHEMBL373081,S01AA22
246,CHEMBL372795,A07AA04
247,CHEMBL372795,J01GA01
250,CHEMBL372795,A07AA54
251,CHEMBL370805,N01BC01
252,CHEMBL370805,S02DA02
253,CHEMBL370805,S01HA01
254,CHEMBL370805,R02AD03
255,CHEMBL3707348,L01EL02
256,CHEMBL438,D06BA06
257,CHEMBL438,J01ED07
260,CHEMBL439849,N06AX24
262,CHEMBL3353410,L01EB04
263,CHEMBL507674,J01DD12
265,CHEMBL503,C10AA02
267,CHEMBL504,G04BX13
268,CHEMBL504,M02AX03
271,CHEMBL504760,C01EB02
272,CHEMBL505,R06AB04
273,CHEMBL505,R06AB54
275,CHEMBL506,P01BA03
277,CHEMBL506110,J01CR04
279,CHEMBL507870,J01XA03
280,CHEMBL502,N06DA02
282,CHEMBL508338,D08AK06
283,CHEMBL509,M01AG04
284,CHEMBL509,M02AA18
287,CHEMBL509282,N05CM12
289,CHEMBL511,D04AA02
290,CHEMBL511,R06AC01
293,CHEMBL512351,B01AF04
295,CHEMBL502835,L01EX09
296,CHEMBL501849,J05AP05
297,CHEMBL514,L01AD02
299,CHEMBL493982,B01AC26
301,CHEMBL49,N05BE01
303,CHEMBL490,N06AB05
305,CHEMBL49080,R03AC14
306,CHEMBL49080,R03CC13
309,CHEMBL491571,J01DH04
311,CHEMBL492,N01BB07
312,CHEMBL492,N01BB57
314,CHEMBL493287,M01AX05
316,CHEMBL495,C01EA01
317,CHEMBL495,G04BE01
320,CHEMBL499808,J02AX04
322,CHEMBL500,C07AA03
324,CHEMBL501122,J01DI02
325,CHEMBL513,L01AD01
327,CHEMBL542,D02BA01
329,CHEMBL539,G01AD02
330,CHEMBL539,S02AA10
333,CHEMBL53904,N05AF02
334,CHEMBL53904,N05AF05
336,CHEMBL539697,B01AE07
338,CHEMBL54,N05AD01
340,CHEMBL535,L01EX01
342,CHEMBL550348,V03AC03
344,CHEMBL551978,A03AD02
346,CHEMBL553,L01EB02
348,CHEMBL553025,L01CA04
350,CHEMBL537,D11AX11
352,CHEMBL534,R06AX17
353,CHEMBL534,S01GX08
356,CHEMBL514800,L04AA32
358,CHEMBL521686,L01XK01
360,CHEMBL515,L01AA02
362,CHEMBL515606,C09AA08
364,CHEMBL516,R06AX02
366,CHEMBL517,C01BA03
368,CHEMBL517427,C08CA10
370,CHEMBL524,C01CA10
372,CHEMBL533,C01BD05
374,CHEMBL524004,A03AB12
375,CHEMBL52440,R05DA09
376,CHEMBL52440,N07XX59
378,CHEMBL527,M01AC01
379,CHEMBL527,M02AA07
380,CHEMBL527,S01BC06
384,CHEMBL529,J01FA10
385,CHEMBL529,S01AA26
386,CHEMBL53,G04BE07
387,CHEMBL53,N04BC07
390,CHEMBL532,D10AF02
391,CHEMBL532,J01FA01
392,CHEMBL532,S01AA17
396,CHEMBL532,D10AF52
397,CHEMBL489411,D01AE16
399,CHEMBL487253,L01AA09
401,CHEMBL485,N02AA59
402,CHEMBL485,N02AA79
403,CHEMBL485,R05DA04
404,CHEMBL453,J01EB05
405,CHEMBL453,S01AB02
408,CHEMBL45029,N03AA01
410,CHEMBL450449,L01CX01
411,CHEMBL450895,A07AA02
412,CHEMBL450895,D01AA01
413,CHEMBL450895,G01AA01
414,CHEMBL450895,G01AA51
415,CHEMBL451,N05BA02
416,CHEMBL452,N03AE01
418,CHEMBL452231,L01CB02
419,CHEMBL453514,J01FA02
420,CHEMBL454801,C01EB09
422,CHEMBL455,D10AF06
423,CHEMBL455,S01AB04
426,CHEMBL455917,N05CC01
428,CHEMBL456,C03CC01
430,CHEMBL44884,J04AK02
432,CHEMBL484785,D11AH06
434,CHEMBL44354,J01DD02
435,CHEMBL441,N01AF03
436,CHEMBL441,N05CA19
437,CHEMBL441687,A05BA08
438,CHEMBL442,G02AB02
439,CHEMBL442,N02CA02
440,CHEMBL442,N02CA72
442,CHEMBL442,N02CA52
443,CHEMBL443,J01EC01
445,CHEMBL443052,D01AE24
447,CHEMBL443605,R02AA12
449,CHEMBL444633,J04AB04
450,CHEMBL445,N06AA10
452,CHEMBL446,J01EB03
454,CHEMBL446061,D03AX12
456,CHEMBL457547,J02AX05
458,CHEMBL459,C02AB01
460,CHEMBL473417,L01XJ01
462,CHEMBL466659,A06AD14
463,CHEMBL466659,C01DA05
464,CHEMBL466659,C01DA55
466,CHEMBL467,L01XX05
468,CHEMBL46740,G03XC02
469,CHEMBL471,C07AA07
471,CHEMBL471737,C01EB17
473,CHEMBL472,A10BB01
475,CHEMBL474579,J01DC05
476,CHEMBL475534,C08CA08
478,CHEMBL477772,L01EX03
479,CHEMBL480,A02BC03
481,CHEMBL480,A02BC53
482,CHEMBL481,L01CE02
484,CHEMBL46516,N05AG01
486,CHEMBL465026,N02BG06
488,CHEMBL465,A04AD10
490,CHEMBL464982,D11AX02
492,CHEMBL464982,D11AX52
493,CHEMBL46469,D05AC01
494,CHEMBL46469,D05AC51
496,CHEMBL463,V04CH30
498,CHEMBL462605,N07XX11
500,CHEMBL461101,B02BX05
501,CHEMBL46058,N01BX01
503,CHEMBL460291,C08CA09
505,CHEMBL460282,L01AB03
507,CHEMBL460,N05AE02
509,CHEMBL46,A04AA01
511,CHEMBL4594250,S01EX05
513,CHEMBL339427,M03AA02
514,CHEMBL334966,B01AC25
516,CHEMBL2146883,L01EE02
518,CHEMBL2159122,A07DA06
520,CHEMBL218490,S01EC03
522,CHEMBL218650,J04AK06
524,CHEMBL22,J01EA01
526,CHEMBL22097,N05CD06
528,CHEMBL22108,D04AA13
529,CHEMBL22108,R06AB03
532,CHEMBL22150,R06AE04
533,CHEMBL221572,J01GB10
535,CHEMBL2216870,L01EM01
537,CHEMBL221722,J05AX27
539,CHEMBL2218885,S01LA01
540,CHEMBL2141296,L01XG03
542,CHEMBL2111112,C01BG11
543,CHEMBL2107834,C02KX05
545,CHEMBL2107553,J04AK03
546,CHEMBL2107583,C01DA13
548,CHEMBL2107583,C01DA63
549,CHEMBL2107781,A06AD21
550,CHEMBL2107825,J05AF13
552,CHEMBL2107830,A10BK03
554,CHEMBL2107831,B02BX07
556,CHEMBL2111107,V03AB35
557,CHEMBL2110563,B03BA51
558,CHEMBL2110563,B03BA01
559,CHEMBL2110588,A16AX10
561,CHEMBL2110732,L01EB07
563,CHEMBL1177,N06BA05
565,CHEMBL2111101,N05AX17
566,CHEMBL2218896,A04AD11
567,CHEMBL2219418,A06AH03
569,CHEMBL231884,C05CA03
570,CHEMBL231884,C05CA53
572,CHEMBL2336071,L04AA42
573,CHEMBL2355051,G03GB02
574,CHEMBL2356023,A11CC02
576,CHEMBL2357792,C01BA05
577,CHEMBL231068,G02CX02
579,CHEMBL23588,M01AG03
581,CHEMBL2364608,J05AG06
583,CHEMBL2364612,S01EE06
585,CHEMBL2364632,J01AA14
586,CHEMBL2364639,N07XX13
588,CHEMBL231779,B01AF02
590,CHEMBL2308885,S01BA09
591,CHEMBL2308885,D07AB01
592,CHEMBL2219425,N05AX12
593,CHEMBL2220442,C10AA04
594,CHEMBL222645,J01CF05
596,CHEMBL222813,J05AH01
598,CHEMBL222863,C01AC01
599,CHEMBL223228,J05AG03
601,CHEMBL224325,D08AH02
602,CHEMBL224325,G01AC03
603,CHEMBL224325,P01AA04
604,CHEMBL224325,R02AA11
609,CHEMBL225071,L01BA03
611,CHEMBL227875,J04AK08
613,CHEMBL229128,M03BX06
615,CHEMBL2107389,G03DA01
616,CHEMBL2107389,L02AB03
617,CHEMBL2107381,A16AX13
619,CHEMBL2103822,N05CH03
621,CHEMBL20835,S01EB08
623,CHEMBL20835,S01EB58
624,CHEMBL20883,L01BC03
626,CHEMBL20883,L01BC53
627,CHEMBL2095208,V03AX03
629,CHEMBL21,D06BA05
630,CHEMBL21,J01EB06
633,CHEMBL2103774,G03CX01
635,CHEMBL2103827,C01CA27
637,CHEMBL2103830,B02BX09
639,CHEMBL2103849,G04BE11
641,CHEMBL2103877,D01AC19
643,CHEMBL2103883,B02BX08
645,CHEMBL2079587,A14AA02
647,CHEMBL2070241,G02CX05
649,CHEMBL2107333,L04AX07
651,CHEMBL203266,C01EB15
653,CHEMBL2023898,J05AP07
655,CHEMBL2028019,N05AX15
656,CHEMBL2028661,C09CA09
658,CHEMBL2028663,L01EC02
660,CHEMBL2028850,B06AC02
661,CHEMBL2040682,R01AD13
662,CHEMBL2040682,R03BA08
665,CHEMBL2063090,J05AP11
667,CHEMBL2043437,L01XJ03
669,CHEMBL204656,J05AJ02
671,CHEMBL2051955,C01CX08
673,CHEMBL205596,A05AA03
675,CHEMBL2103929,J01AA04
676,CHEMBL2104095,N02BA03
678,CHEMBL2106011,D07AB21
680,CHEMBL2105722,G03DB04
682,CHEMBL2105737,L01XJ02
684,CHEMBL2105745,A16AX09
686,CHEMBL2105755,A06AH05
688,CHEMBL2105760,N05AX16
690,CHEMBL2106004,A06AB09
692,CHEMBL2106119,A12AA03
693,CHEMBL2106119,D11AX03
696,CHEMBL2104130,D01AE04
697,CHEMBL2106794,C05CX02
698,CHEMBL2107067,G03BA03
700,CHEMBL2107212,V08AB11
702,CHEMBL2107214,V08AB10
704,CHEMBL2107239,V08AA05
706,CHEMBL2105720,M04AB05
708,CHEMBL2105717,L01EX07
710,CHEMBL2105695,A16AX15
711,CHEMBL2105689,D01AC18
713,CHEMBL2105456,M01AB07
715,CHEMBL2105224,R05DA08
717,CHEMBL2104993,N06AX26
719,CHEMBL2104786,A11HA32
720,CHEMBL2104445,R06AX21
722,CHEMBL2104415,P02CX03
723,CHEMBL2104356,N05BA10
725,CHEMBL304902,N05AH06
727,CHEMBL305906,B05CA01
728,CHEMBL305906,D08AJ03
729,CHEMBL305906,D09AA07
730,CHEMBL305906,R02AA06
735,CHEMBL306043,M01CB01
736,CHEMBL308954,J05AG04
738,CHEMBL310555,A01AB07
739,CHEMBL310555,D08AH03
740,CHEMBL310555,G01AC30
741,CHEMBL310555,R02AA14
746,CHEMBL312448,R01AA07
747,CHEMBL312448,R01AB06
748,CHEMBL312448,S01GA03
749,CHEMBL312448,S01GA53
753,CHEMBL3039597,S01AA11
754,CHEMBL3039597,S02AA14
755,CHEMBL3039597,J01GB03
756,CHEMBL3039597,S03AA06
757,CHEMBL3039597,D06AX07
758,CHEMBL3137309,L01XX52
760,CHEMBL3137312,J05AP09
762,CHEMBL3137320,L01XK04
764,CHEMBL3039598,C09AA09
765,CHEMBL315985,N03AF04
767,CHEMBL30008,N07CA03
769,CHEMBL296306,A06AD11
771,CHEMBL296306,A06AD61
772,CHEMBL297302,N05AD07
774,CHEMBL298470,P01BA07
776,CHEMBL30,A02BA01
777,CHEMBL30,A02BA51
779,CHEMBL301265,N04BC05
781,CHEMBL3039514,J05AP10
782,CHEMBL301267,P01BE04
783,CHEMBL302795,M01AC02
785,CHEMBL3039502,L01EM04
787,CHEMBL3039507,A10BK06
789,CHEMBL313972,L01XX10
791,CHEMBL237500,A10BH05
793,CHEMBL3301668,H01BB03
795,CHEMBL325041,L01XG01
797,CHEMBL3291398,J01XX12
799,CHEMBL3301607,L04AA45
801,CHEMBL3301610,L01EF03
803,CHEMBL3301622,L01EX13
805,CHEMBL3301675,A06AX04
807,CHEMBL331378,C09AA15
809,CHEMBL333826,G01AC05
810,CHEMBL333826,D08AH01
811,CHEMBL333826,R02AA02
812,CHEMBL3218576,L01EM02
813,CHEMBL3183549,A11DA03
814,CHEMBL31634,J05AB15
816,CHEMBL3182343,J01CA02
818,CHEMBL3183075,A02BA04
819,CHEMBL3183409,L02BB05
821,CHEMBL32,J01MA14
822,CHEMBL32,S01AE07
825,CHEMBL3187365,N05AH05
826,CHEMBL3187723,L01EE03
828,CHEMBL294199,M02AB01
829,CHEMBL294199,N01BX04
832,CHEMBL253371,A03AX08
833,CHEMBL253371,A03AX58
835,CHEMBL253376,R05CB02
837,CHEMBL256997,M09AX03
839,CHEMBL25105,D08AC04
840,CHEMBL25105,R01AX07
841,CHEMBL25105,R02AA18
842,CHEMBL25105,S01AX08
843,CHEMBL25105,S03AA05
849,CHEMBL259209,N06AX17
850,CHEMBL26,N05AL01
852,CHEMBL262777,A07AA09
853,CHEMBL262777,J01XA01
854,CHEMBL262777,S01AA28
858,CHEMBL264241,J02AX06
859,CHEMBL251940,N05AC01
861,CHEMBL250270,C08CA13
863,CHEMBL243712,N05AL05
865,CHEMBL238804,B01AC27
867,CHEMBL2396661,L01EM03
869,CHEMBL24,C07AB03
871,CHEMBL2403108,L01ED02
873,CHEMBL240597,A05AA01
875,CHEMBL25,A01AD05
876,CHEMBL25,B01AC06
877,CHEMBL25,N02BA01
880,CHEMBL25,N02BA51
882,CHEMBL25,N02BA71
883,CHEMBL24441,N07CA01
885,CHEMBL24778,G04CA04
887,CHEMBL24828,L01EX04
889,CHEMBL24924,B01AA12
891,CHEMBL249837,J01AA05
892,CHEMBL249856,C01CE03
894,CHEMBL264374,C10AB02
896,CHEMBL267648,J01MA03
898,CHEMBL285674,N05CD04
900,CHEMBL28218,N05AD06
902,CHEMBL282575,G03CA03
903,CHEMBL284348,N07XX07
905,CHEMBL284906,C01DX16
907,CHEMBL267936,C02BB01
908,CHEMBL288441,L01EA04
910,CHEMBL289469,A04AA02
911,CHEMBL289480,C02AC06
913,CHEMBL290916,N07XX14
915,CHEMBL290960,P01CC01
916,CHEMBL291157,J01MB01
918,CHEMBL282121,A03AA04
920,CHEMBL279816,N01AB05
921,CHEMBL278398,R06AX04
923,CHEMBL278172,C05AD03
924,CHEMBL278172,D02BA01
925,CHEMBL278172,D04AB04
926,CHEMBL278172,N01BA05
927,CHEMBL278172,R02AD01
932,CHEMBL27810,C07AB08
934,CHEMBL278020,N07AA01
935,CHEMBL278020,S01EB06
938,CHEMBL278020,N07AA51
939,CHEMBL277945,N05AL02
941,CHEMBL277535,D01AC10
943,CHEMBL277535,D01AC60
944,CHEMBL277474,N02BB01
945,CHEMBL277474,S02DA03
946,CHEMBL277474,N02BB71
948,CHEMBL277474,N02BB51
950,CHEMBL277062,N05BA08
952,CHEMBL27577,N02BA05
953,CHEMBL27577,N02BA55
954,CHEMBL27577,N02BA75
956,CHEMBL270190,A06AH02
957,CHEMBL27,C07AA05
959,CHEMBL269732,D11AH01
960,CHEMBL269732,L04AD02
961,CHEMBL554,L01EH01
963,CHEMBL556,V03AC01
965,CHEMBL2010507,R03CB02
966,CHEMBL2106439,N05AC04
968,CHEMBL2107011,N05AE01
970,CHEMBL2107062,N03AX13
972,CHEMBL2107430,D01AC16
973,CHEMBL2107430,G01AF18
976,CHEMBL2110674,S01KA51
977,CHEMBL2110805,N05CX05
978,CHEMBL2110805,G04BD01
979,CHEMBL2105618,G03DC01
980,CHEMBL2110816,N06AA15
982,CHEMBL2110900,G04BX14
983,CHEMBL2110948,A03AB11
984,CHEMBL2111030,N05AX07
986,CHEMBL2105774,A07EA01
987,CHEMBL2105774,C05AA04
988,CHEMBL2105774,D07AA03
989,CHEMBL2105774,D07XA02
990,CHEMBL2105774,H02AB06
991,CHEMBL2105774,R01AD02
992,CHEMBL2105774,S01BA04
993,CHEMBL2105774,S01CB02
994,CHEMBL2105774,S02BA03
995,CHEMBL2105774,S03BA02
996,CHEMBL2105612,J01CE03
998,CHEMBL24171,D05BA03
1000,CHEMBL1697844,C10AD03
1002,CHEMBL190279,N01AX05
1004,CHEMBL2105611,D05AX04
1006,CHEMBL1987462,C04AA31
1008,CHEMBL2103772,A07XA04
1010,CHEMBL2103855,A16AX15
1012,CHEMBL2105131,C03BA05
1014,CHEMBL244888,A07AX03
1015,CHEMBL447629,L01AX01
1017,CHEMBL3707290,H01AC07
1018,CHEMBL37390,R03DA03
1020,CHEMBL3833339,V03AB22
1021,CHEMBL3833382,C01BA08
1022,CHEMBL3833389,N02AC01
1023,CHEMBL383675,L01XD05
1024,CHEMBL3545432,L01XG03
1026,CHEMBL413965,M02AA08
1028,CHEMBL416898,P03AB01
1029,CHEMBL416898,P03AB51
1031,CHEMBL4297067,S01JA01
1032,CHEMBL4297067,S01JA51
1033,CHEMBL434200,C07AA16
1035,CHEMBL338802,A07AB03
1037,CHEMBL252518,P01BE05
1038,CHEMBL30116,J01MB04
1040,CHEMBL255044,N02BG07
1042,CHEMBL258918,G03BB01
1044,CHEMBL260538,G03AD02
1045,CHEMBL260538,G03XB02
1046,CHEMBL271227,L02BX03
1048,CHEMBL28333,N05BA03
1050,CHEMBL3351077,J01DD03
1052,CHEMBL314437,N02AX05
1054,CHEMBL317094,C09AA16
1056,CHEMBL3184512,D10AF01
1057,CHEMBL3184512,G01AA10
1058,CHEMBL3184512,J01FF01
1059,CHEMBL3184512,D10AF51
1060,CHEMBL325109,A03FA06
1062,CHEMBL3305985,M03AA01
1063,CHEMBL1697843,C01AA08
1065,CHEMBL1675,A11CA01
1066,CHEMBL1675,D10AD02
1067,CHEMBL1675,R01AX02
1068,CHEMBL1675,S01XA02
1069,CHEMBL1200951,N05AB02
1071,CHEMBL1200711,C10AX06
1072,CHEMBL1200854,N05AB02
1074,CHEMBL1200866,V08CX01
1076,CHEMBL1200877,D07AB03
1077,CHEMBL1200877,D07XB01
1080,CHEMBL1200908,D07AC21
1082,CHEMBL1200975,D07AB21
1084,CHEMBL1200661,S01EE02
1086,CHEMBL1200989,D07AB10
1087,CHEMBL1200989,S01BA10
1090,CHEMBL1201010,H02AA02
1092,CHEMBL1201064,C05AA06
1093,CHEMBL1201064,D07AB06
1094,CHEMBL1201064,D07XB04
1095,CHEMBL1201064,D10AA01
1096,CHEMBL1201064,S01BA07
1097,CHEMBL1201064,S01CB05
1104,CHEMBL1201146,G03AC01
1105,CHEMBL1201146,G03DC02
1106,CHEMBL1200688,D10AF02
1107,CHEMBL1200688,J01FA01
1108,CHEMBL1200688,S01AA17
1109,CHEMBL1200645,L01CB01
1111,CHEMBL1199307,N07AA03
1112,CHEMBL1159717,R03AC11
1113,CHEMBL1159717,R03CC11
1116,CHEMBL1187417,D08AJ01
1117,CHEMBL1187417,R02AA16
1118,CHEMBL1187417,D09AA11
1119,CHEMBL1187724,A03BB02
1120,CHEMBL119423,M04AA02
1122,CHEMBL1200375,V03AB03
1124,CHEMBL1200598,G03CB02
1125,CHEMBL1200598,G03CC05
1126,CHEMBL1200598,L02AA01
1127,CHEMBL1200598,L02AA04
1129,CHEMBL1200376,A07EA04
1130,CHEMBL1200376,C05AA05
1131,CHEMBL1200376,D07AC01
1132,CHEMBL1200376,D07XC01
1133,CHEMBL1200376,H02AB01
1134,CHEMBL1200376,R01AD06
1135,CHEMBL1200376,R03BA04
1136,CHEMBL1200376,S01BA06
1137,CHEMBL1200376,S01CB04
1138,CHEMBL1200376,S02BA07
1139,CHEMBL1200376,S03BA03
1151,CHEMBL1200384,A07EA04
1152,CHEMBL1200384,C05AA05
1153,CHEMBL1200384,D07AC01
1154,CHEMBL1200384,D07XC01
1155,CHEMBL1200384,H02AB01
1156,CHEMBL1200384,R01AD06
1157,CHEMBL1200384,R03BA04
1158,CHEMBL1200384,S01BA06
1159,CHEMBL1200384,S01CB04
1160,CHEMBL1200384,S02BA07
1161,CHEMBL1200384,S03BA03
1173,CHEMBL1200449,A01AC01
1174,CHEMBL1200449,C05AA12
1175,CHEMBL1200449,D07AB09
1176,CHEMBL1200449,D07XB02
1177,CHEMBL1200449,H02AB08
1178,CHEMBL1200449,R01AD11
1179,CHEMBL1200449,R03BA06
1180,CHEMBL1200449,S01BA05
1189,CHEMBL1200545,D07AC10
1191,CHEMBL1200592,H02AA03
1193,CHEMBL1615487,V08AC01
1195,CHEMBL1491306,H03BA03
1196,CHEMBL15023,N05AD02
1198,CHEMBL1504,A01AC01
1199,CHEMBL1504,C05AA12
1200,CHEMBL1504,D07AB09
1201,CHEMBL1504,D07XB02
1202,CHEMBL1504,H02AB08
1203,CHEMBL1504,R01AD11
1204,CHEMBL1504,R03BA06
1205,CHEMBL1504,S01BA05
1206,CHEMBL1565476,M01AX04
1208,CHEMBL1619528,A03AB14
1209,CHEMBL1619785,J01CA15
1211,CHEMBL1623992,A03AA30
1213,CHEMBL1651990,D01AC12
1214,CHEMBL1651990,G01AF12
1217,CHEMBL167150,P02BB01
1219,CHEMBL1449676,G01AF06
1220,CHEMBL1449676,J01XD03
1221,CHEMBL1449676,P01AB03
1225,CHEMBL1371770,N04BC08
1227,CHEMBL1364144,D07AA01
1228,CHEMBL1364144,D10AA02
1229,CHEMBL1364144,H02AB04
1230,CHEMBL1322884,P03AC03
1232,CHEMBL1322884,P03AC53
1233,CHEMBL1292,J04BA01
1234,CHEMBL126224,N06AA13
1236,CHEMBL1257015,B01AC03
1238,CHEMBL1237072,J01FA13
1240,CHEMBL1222250,B05CX01
1241,CHEMBL1222250,V04CA02
1242,CHEMBL1222250,V06DC01
1244,CHEMBL1222250,C05BB56
1247,CHEMBL1201304,V04CX01
1248,CHEMBL435966,P01AB06
1250,CHEMBL1096882,L01BB05
1252,CHEMBL2107112,A07EA05
1253,CHEMBL2107112,R01AD07
1255,CHEMBL2107112,R01AD57
1257,CHEMBL2106261,B01AA08
1259,CHEMBL2106825,G03DB03
1261,CHEMBL2109188,R02AB03
1262,CHEMBL2110774,D04AA34
1263,CHEMBL2110774,R06AA06
1266,CHEMBL2110774,R06AA56
1267,CHEMBL218394,J05AP03
1269,CHEMBL2354773,M01CB04
1270,CHEMBL251634,C05AA08
1271,CHEMBL251634,D07AC05
1272,CHEMBL251634,D07XC05
1273,CHEMBL251634,H02AB03
1278,CHEMBL2104306,B01AC01
1280,CHEMBL2051960,B02BX02
1281,CHEMBL266195,C07AA01
1283,CHEMBL1763,C03AA02
1285,CHEMBL1763,C03AH02
1286,CHEMBL163672,C01DX05
1288,CHEMBL1651905,V08AC02
1290,CHEMBL1738,V03AF02
1292,CHEMBL1743259,N06AB09
1293,CHEMBL1790041,A02BA02
1294,CHEMBL1908364,N04AA08
1296,CHEMBL1885437,R05CB04
1298,CHEMBL1899801,V08DA03
1300,CHEMBL1908315,G02AD03
1302,CHEMBL285802,N05AX11
1304,CHEMBL457299,A06AD15
1311,CHEMBL457299,A06AD65
1312,CHEMBL908,N05AF03
1314,CHEMBL7010,N06BA06
1316,CHEMBL830,D11AX16
1317,CHEMBL830,P01CX03
1320,CHEMBL861,N03AB04
1322,CHEMBL861,N03AB54
1323,CHEMBL867,V08AC06
1325,CHEMBL86882,C01CA01
1327,CHEMBL86882,C01CA51
1328,CHEMBL91238,N06AF06
1330,CHEMBL591,N05CM08
1332,CHEMBL92401,N06AF05
1334,CHEMBL93077,N06BX17
1336,CHEMBL95,N06DA01
1338,CHEMBL970,N05BA13
1340,CHEMBL607710,D01AE07
1341,CHEMBL56367,M01AX17
1342,CHEMBL56367,M02AA26
1345,CHEMBL306700,N06AX09
1347,CHEMBL318153,D06BB09
1349,CHEMBL3186538,J01DB11
1351,CHEMBL329203,R01AA02
1353,CHEMBL3707306,M05BX03
1354,CHEMBL3989849,A03BB04
1355,CHEMBL54661,N05AF01
1357,CHEMBL450,N03AA30
1359,CHEMBL461332,D07AC02
1360,CHEMBL509924,D07AC06
1361,CHEMBL509924,D07XC04
1364,CHEMBL528,J01DD07
1365,CHEMBL529888,A10BB04
1366,CHEMBL1025,S01EB07
1368,CHEMBL87708,N06AA07
1370,CHEMBL88055,R03AC05
1371,CHEMBL95889,A16AA06
1372,CHEMBL1008,C08EA02
1374,CHEMBL1013,J01DC08
1375,CHEMBL1094982,C04AC03
1376,CHEMBL71752,N06BX18
1378,CHEMBL1096,A01AD07
1379,CHEMBL1096,R03DX01
1382,CHEMBL1170,G03BA03
1384,CHEMBL1197051,C04AA01
1386,CHEMBL1200368,V04CK03
1387,CHEMBL1200623,A14AB02
1389,CHEMBL73451,R06AD07
1391,CHEMBL15891,P03AB02
1392,CHEMBL501613,N05CM15
1394,CHEMBL501613,N05CX03
1395,CHEMBL460287,L01AG01
1397,CHEMBL462394,V08AB01
1399,CHEMBL46399,N02AD02
1400,CHEMBL473159,A03AX12
1402,CHEMBL499915,A02BX01
1403,CHEMBL499915,A02BX51
1405,CHEMBL499915,A02BX71
1406,CHEMBL600325,C01AB01
1407,CHEMBL600325,C01AB51
1409,CHEMBL503160,D05AX01
1411,CHEMBL506569,C01AA06
1413,CHEMBL517199,C03BA10
1415,CHEMBL545,D08AX08
1416,CHEMBL545,V03AB16
1417,CHEMBL545,V03AZ01
1421,CHEMBL567597,P01BE01
1422,CHEMBL1200737,R07AA01
1424,CHEMBL1200761,G03CA06
1426,CHEMBL1200790,N05CE02
1428,CHEMBL1378,R06AD03
1430,CHEMBL1289,D01AE11
1432,CHEMBL132530,L02BG02
1434,CHEMBL1328913,N06AA18
1436,CHEMBL1330792,A07AX02
1437,CHEMBL1330792,G01AB01
1438,CHEMBL1330792,P01CD02
1442,CHEMBL1200845,D07AD02
1444,CHEMBL1525826,J01ED02
1446,CHEMBL1577,C03AA08
1448,CHEMBL1589,A10BB31
1450,CHEMBL1252,L02BX01
1452,CHEMBL1237054,L01DC02
1453,CHEMBL1229908,R07AB04
1455,CHEMBL1222251,A11HA07
1456,CHEMBL1214185,J01FA06
1457,CHEMBL1208,J01MB06
1459,CHEMBL1201354,A03AB08
1460,CHEMBL1201340,A03AB15
1461,CHEMBL1201327,V08AA07
1463,CHEMBL1201317,N05CM07
1465,CHEMBL1201313,R05DB10
1467,CHEMBL1201301,V08CA05
1468,CHEMBL1201295,R03AC17
1470,CHEMBL1200907,H02CA01
1472,CHEMBL1200853,G03DB01
1474,CHEMBL1103,G01AX06
1475,CHEMBL559288,N02AC03
1477,CHEMBL666,J05AD01
1478,CHEMBL657,D04AA32
1479,CHEMBL657,R06AA02
1481,CHEMBL657,R06AA52
1483,CHEMBL658,N01AH03
1485,CHEMBL659,N06DA04
1487,CHEMBL660,N04BB01
1489,CHEMBL661,N05BA12
1491,CHEMBL6622,C01DA08
1492,CHEMBL6622,C05AE02
1495,CHEMBL6622,C01DA58
1496,CHEMBL667,S01EB09
1497,CHEMBL655,N05CD08
1499,CHEMBL668,N06AA11
1501,CHEMBL669,M03BX08
1503,CHEMBL671,L01AC01
1505,CHEMBL673,C02KC01
1507,CHEMBL679,A01AD01
1508,CHEMBL679,B02BC09
1509,CHEMBL679,C01CA24
1510,CHEMBL679,R01AA14
1511,CHEMBL679,R03AA01
1512,CHEMBL679,S01EA01
1514,CHEMBL679,S01EA51
1520,CHEMBL679,R03AK01
1521,CHEMBL680,J01DC04
1522,CHEMBL682,P01BA06
1524,CHEMBL64391,J02AC02
1525,CHEMBL637,N06AX16
1527,CHEMBL638,J02AC03
1529,CHEMBL639,R01AC03
1530,CHEMBL639,R06AX19
1531,CHEMBL639,S01GX07
1535,CHEMBL64,J04AC01
1536,CHEMBL64,J04AC51
1538,CHEMBL640,C01BA02
1540,CHEMBL643,D04AA10
1541,CHEMBL643,R06AD02
1542,CHEMBL643,R06AD52
1545,CHEMBL644,N06AA06
1547,CHEMBL654,N06AX11
1549,CHEMBL645,C07AB07
1551,CHEMBL647,S01EA03
1553,CHEMBL648,R06AE03
1554,CHEMBL648,R06AE53
1556,CHEMBL649,C07AA12
1558,CHEMBL650,D07AA01
1559,CHEMBL650,D10AA02
1560,CHEMBL650,H02AB04
1561,CHEMBL650,H02BX01
1565,CHEMBL651,N07BC02
1566,CHEMBL651,N02AC52
1568,CHEMBL681,N01AX07
1570,CHEMBL684,P02CB02
1572,CHEMBL74632,J01DD06
1574,CHEMBL723,C07AG02
1576,CHEMBL71,N05AA01
1578,CHEMBL710,D11AX10
1579,CHEMBL710,G04CB01
1582,CHEMBL713,J05AF10
1584,CHEMBL717,G03AC06
1585,CHEMBL717,G03DA02
1586,CHEMBL717,L02AB02
1590,CHEMBL719,D06AX09
1591,CHEMBL719,R01AX06
1594,CHEMBL72,N06AA01
1596,CHEMBL726,N05AB02
1598,CHEMBL709,G04CA01
1600,CHEMBL727,L01BB03
1602,CHEMBL728,N05AB04
1604,CHEMBL730,C01DA02
1605,CHEMBL730,C05AE01
1606,CHEMBL730,C01DA52
1609,CHEMBL734,G04BX03
1611,CHEMBL741,N03AX09
1613,CHEMBL70927,V03AC02
1615,CHEMBL707,C02CA04
1617,CHEMBL685,P02CA01
1618,CHEMBL685,P02CA51
1620,CHEMBL698,C05AD02
1621,CHEMBL698,D04AB06
1622,CHEMBL698,N01BA03
1623,CHEMBL698,S01HA03
1628,CHEMBL686,M01AG01
1630,CHEMBL692,A06AG04
1631,CHEMBL692,A06AX01
1634,CHEMBL695,N03AC02
1636,CHEMBL696,N03AD01
1637,CHEMBL696,N03AD51
1639,CHEMBL6966,C08DA01
1641,CHEMBL6966,C08DA51
1642,CHEMBL697,N03AD03
1644,CHEMBL70,N02AA01
1645,CHEMBL70,N02AA51
1646,CHEMBL70,A07DA52
1648,CHEMBL700,J01EB04
1650,CHEMBL701,M03BX01
1652,CHEMBL702,J01CA12
1654,CHEMBL703,M03AB01
1655,CHEMBL704,A07EC02
1657,CHEMBL70418,N05BA09
1659,CHEMBL636,N06DA03
1661,CHEMBL635,A07EA03
1662,CHEMBL635,H02AB07
1663,CHEMBL634,N01AH02
1665,CHEMBL58,L01DB07
1667,CHEMBL572,J01XE01
1668,CHEMBL572,J01XE51
1669,CHEMBL573,C04AC01
1670,CHEMBL573,C10AD02
1673,CHEMBL573,C10AD52
1674,CHEMBL575,J01CF03
1675,CHEMBL582,D08AX05
1677,CHEMBL571,M01AE03
1678,CHEMBL571,M02AA10
1679,CHEMBL571,M01AE53
1682,CHEMBL58323,N03AX18
1684,CHEMBL584,J05AE04
1686,CHEMBL585,C03DB02
1688,CHEMBL588,C01CA19
1690,CHEMBL571546,D06BX03
1692,CHEMBL633,C01BD01
1694,CHEMBL566315,A05AA04
1696,CHEMBL560976,J01GB09
1698,CHEMBL561,J01MA07
1699,CHEMBL561,S01AE04
1702,CHEMBL562,D01AA08
1703,CHEMBL562,D01BA01
1706,CHEMBL563,M01AE09
1707,CHEMBL563,M02AA19
1708,CHEMBL563,R02AX01
1709,CHEMBL563,S01BC04
1714,CHEMBL564,N05AA03
1716,CHEMBL56564,A04AA03
1717,CHEMBL566534,P01BE02
1719,CHEMBL570,N05AA05
1721,CHEMBL566752,V09AX06
1723,CHEMBL567,N05AB03
1725,CHEMBL568,N05BA04
1727,CHEMBL569,C05AD05
1728,CHEMBL569,N01BA02
1729,CHEMBL569,S01HA05
1730,CHEMBL569,N01BA52
1734,CHEMBL569713,S01FA02
1735,CHEMBL569713,A04AD01
1736,CHEMBL569713,A04AD51
1737,CHEMBL569713,N05CM05
1738,CHEMBL57,J05AG01
1740,CHEMBL59,C01CA04
1742,CHEMBL590,B02BA02
1744,CHEMBL621,N06AX05
1746,CHEMBL614,J04AK01
1748,CHEMBL615,J01CE02
1750,CHEMBL61593,C03AA09
1752,CHEMBL617,J01DB03
1754,CHEMBL622,M01AB08
1756,CHEMBL625,D01AC06
1757,CHEMBL625,P02CA02
1760,CHEMBL628,C04AD03
1762,CHEMBL629,N06AA09
1764,CHEMBL631,C01BC03
1766,CHEMBL632,A07EA04
1767,CHEMBL632,C05AA05
1768,CHEMBL632,D07AC01
1769,CHEMBL632,D07XC01
1770,CHEMBL632,H02AB01
1771,CHEMBL632,R01AD06
1772,CHEMBL632,R03BA04
1773,CHEMBL632,S01BA06
1774,CHEMBL632,S01CB04
1775,CHEMBL632,S02BA07
1776,CHEMBL632,S03BA03
1788,CHEMBL611,G04CA03
1790,CHEMBL61,D06BB04
1792,CHEMBL609,A16AX12
1793,CHEMBL608533,L01EX10
1795,CHEMBL608,C10AX02
1797,CHEMBL607,N02AB02
1798,CHEMBL607,N02AB52
1800,CHEMBL607,N02AB72
1801,CHEMBL605846,R03AC19
1803,CHEMBL603,R03DC01
1805,CHEMBL602,A16AA04
1806,CHEMBL602,S01XA21
1809,CHEMBL601719,L01ED01
1811,CHEMBL601,L01XD04
1813,CHEMBL600,R05CB01
1814,CHEMBL600,S01XA08
1815,CHEMBL600,V03AB23
1819,CHEMBL599,M01AC06
1820,CHEMBL599,M01AC56
1822,CHEMBL597,C04AB01
1823,CHEMBL597,V03AB36
1826,CHEMBL596,N01AH01
1827,CHEMBL596,N02AB03
1830,CHEMBL596,N01AH51
1831,CHEMBL593,J05AG02
1833,CHEMBL746,R01AC07
1834,CHEMBL746,R03BC03
1835,CHEMBL746,S01GX04
1839,CHEMBL1095283,G01AA08
1840,CHEMBL917,L01BC09
1842,CHEMBL902,A02BA03
1844,CHEMBL902,A02BA53
1845,CHEMBL90555,L01CA02
1847,CHEMBL90593,A14AA07
1848,CHEMBL90593,G03XX01
1851,CHEMBL91,A01AB09
1852,CHEMBL91,A07AC01
1853,CHEMBL91,D01AC02
1854,CHEMBL91,G01AF04
1855,CHEMBL91,J02AB01
1856,CHEMBL91,S02AA13
1861,CHEMBL91,D01AC52
1864,CHEMBL914,R06AX26
1866,CHEMBL916,B01AC17
1868,CHEMBL923,M05BA07
1870,CHEMBL92870,C08EX01
1872,CHEMBL930,A16AA03
1874,CHEMBL931,N01AB01
1876,CHEMBL932,B01AC07
1878,CHEMBL934,V04CD01
1880,CHEMBL900,M03BC51
1881,CHEMBL9,J01MA06
1882,CHEMBL9,S01AE02
1885,CHEMBL939,L01EB01
1887,CHEMBL880,J05AB09
1888,CHEMBL880,S01AD07
1891,CHEMBL870,M05BA04
1893,CHEMBL871,M05BA01
1895,CHEMBL878,C03BA08
1897,CHEMBL87992,N03AF04
1899,CHEMBL88,L01AA01
1900,CHEMBL885,J05AF09
1902,CHEMBL898,N02BA11
1904,CHEMBL888,L01BC05
1906,CHEMBL893,J01CF01
1908,CHEMBL895,N02AF02
1910,CHEMBL89598,N03AG04
1912,CHEMBL896,N05BB01
1914,CHEMBL896,N05BB51
1915,CHEMBL897,M04AB01
1917,CHEMBL93645,M01AB16
1918,CHEMBL93645,M02AA25
1921,CHEMBL94,S01EB05
1922,CHEMBL94,V03AB19
1925,CHEMBL750,N03AX15
1927,CHEMBL990,D01AE23
1929,CHEMBL978,V04CX03
1930,CHEMBL980,R05CA03
1932,CHEMBL985,B05BC02
1933,CHEMBL985,D02AE01
1936,CHEMBL985,D02AE51
1937,CHEMBL986,A11CA01
1938,CHEMBL986,D10AD02
1939,CHEMBL986,R01AX02
1940,CHEMBL986,S01XA02
1945,CHEMBL989,C05AA10
1946,CHEMBL989,D07AC04
1947,CHEMBL989,S01BA15
1948,CHEMBL989,S02BA08
1953,CHEMBL991,J05AF04
1955,CHEMBL976,P02BA01
1957,CHEMBL996,J01DC01
1959,CHEMBL9967,A02BX03
1961,CHEMBL997,M05BA06
1963,CHEMBL998,R06AX13
1965,CHEMBL977,A01AC03
1966,CHEMBL977,A07EA02
1967,CHEMBL977,C05AA01
1968,CHEMBL977,D07AA02
1969,CHEMBL977,D07XA01
1970,CHEMBL977,H02AB09
1971,CHEMBL977,S01BA02
1972,CHEMBL977,S01CB03
1973,CHEMBL977,S02BA01
1974,CHEMBL973,L04AA31
1976,CHEMBL940,N03AX12
1978,CHEMBL959,J05AC02
1980,CHEMBL941,L01EA01
1982,CHEMBL942,A06AB02
1983,CHEMBL942,A06AG02
1986,CHEMBL942,A06AB52
1987,CHEMBL94454,R06AX25
1989,CHEMBL946,R06AX09
1991,CHEMBL953,N04BX02
1993,CHEMBL957,C02KX01
1995,CHEMBL96,N03AG03
1997,CHEMBL972,N04BD01
1999,CHEMBL960,L04AA13
2001,CHEMBL963,N02AA11
2003,CHEMBL964,N07BB01
2004,CHEMBL964,P03AA04
2006,CHEMBL964,P03AA54
2008,CHEMBL968,N05CD01
2010,CHEMBL969,N05BA11
2012,CHEMBL86754,G01AC01
2014,CHEMBL86715,N04AA04
2016,CHEMBL866,L04AA06
2018,CHEMBL803,L01BC01
2020,CHEMBL788,D06BB01
2021,CHEMBL788,J05AB02
2022,CHEMBL788,S01AD01
2026,CHEMBL796,N06BA04
2028,CHEMBL797,N03AD02
2030,CHEMBL799,B01AC23
2032,CHEMBL80,A06AH04
2033,CHEMBL80,V03AB15
2036,CHEMBL802,C02DC01
2037,CHEMBL802,D11AX01
2038,CHEMBL806,L02BB01
2040,CHEMBL781,A08AA05
2042,CHEMBL807,N06DX01
2044,CHEMBL808,D01AC03
2045,CHEMBL808,G01AF05
2048,CHEMBL8085,B05XB03
2050,CHEMBL809,N06AB06
2052,CHEMBL81,G03XC01
2054,CHEMBL813,C09CA02
2056,CHEMBL782,A10BB03
2057,CHEMBL782,V04CA01
2060,CHEMBL864,R06AA08
2062,CHEMBL753,C04AX02
2064,CHEMBL75753,C01CX07
2066,CHEMBL76,P01BA01
2068,CHEMBL761,R01AA08
2069,CHEMBL761,R01AB02
2070,CHEMBL761,S01GA01
2072,CHEMBL761,S01GA51
2075,CHEMBL762,R01AA05
2076,CHEMBL762,R01AB07
2077,CHEMBL762,S01GA04
2081,CHEMBL765,C02CC02
2082,CHEMBL765,S01EX01
2085,CHEMBL76725,C02CC03
2086,CHEMBL779,G04BE08
2088,CHEMBL770,C04AB02
2089,CHEMBL770,M02AX02
2092,CHEMBL771,J04AB01
2094,CHEMBL773,B05CX03
2096,CHEMBL77622,C01CA14
2098,CHEMBL81421,A11HA03
2099,CHEMBL817,A10BB05
2101,CHEMBL853,J05AF03
2103,CHEMBL842,C03AA04
2105,CHEMBL842,C03AH01
2106,CHEMBL844,D11AX21
2107,CHEMBL844,S01EA05
2108,CHEMBL844,S01GA07
2112,CHEMBL846,A11CC04
2113,CHEMBL846,D05AX03
2116,CHEMBL847,P02BA02
2118,CHEMBL849,D08AE04
2119,CHEMBL849,D09AA06
2122,CHEMBL852,L01AA03
2124,CHEMBL856,N03AA03
2126,CHEMBL857,A11HA05
2128,CHEMBL858,V03AB03
2129,CHEMBL86,A03FA01
2131,CHEMBL862,C02AC02
2133,CHEMBL86304,N06AG02
2135,CHEMBL84,L01CE01
2137,CHEMBL839,C07AA15
2138,CHEMBL839,S01ED05
2141,CHEMBL839,S01ED55
2142,CHEMBL838,C09AA07
2144,CHEMBL83668,D01AE18
2146,CHEMBL836,G04CA02
2148,CHEMBL834,M05BA03
2150,CHEMBL833,B01AC05
2152,CHEMBL831,N05AH01
2154,CHEMBL83063,G02CA01
2155,CHEMBL83,L02BA01
2157,CHEMBL829,R06AD01
2159,CHEMBL826,J01MA04
2161,CHEMBL820,L01AB01
2163,CHEMBL819,J01CF04
2165,CHEMBL2010601,R07AX02
2167,CHEMBL982,N07BB05
2169,CHEMBL1201286,A03AB53
2170,CHEMBL1201286,A03AB03
2171,CHEMBL1201294,A07DA01
2173,CHEMBL1201293,N07BB03
2175,CHEMBL1788385,P01AA05
2177,CHEMBL1201288,M03CA01
2178,CHEMBL1201287,R06AB56
2179,CHEMBL1201287,R06AB06
2180,CHEMBL2,C02CA01
2182,CHEMBL1201284,H05BX01
2184,CHEMBL193,C08CA05
2186,CHEMBL193,C08CA55
2187,CHEMBL2107431,G03AC02
2188,CHEMBL2107431,G03DC03
2191,CHEMBL2368925,A04AA04
2192,CHEMBL1201281,D06AX02
2193,CHEMBL1201281,D10AF03
2194,CHEMBL1201281,G01AA05
2195,CHEMBL1201281,J01BA01
2196,CHEMBL1201281,S01AA01
2197,CHEMBL1201281,S02AA01
2198,CHEMBL1201281,S03AA08
2199,CHEMBL1201303,P02CX01
2200,CHEMBL1201271,R06AE01
2201,CHEMBL1201271,R06AE51
2203,CHEMBL1201270,J01XX05
2205,CHEMBL1201266,S01GX05
2207,CHEMBL1201265,D07AA01
2208,CHEMBL1201265,D10AA02
2209,CHEMBL1201265,H02AB04
2210,CHEMBL364713,R05DA07
2212,CHEMBL1201262,S01EA02
2214,CHEMBL38,D10AD01
2215,CHEMBL38,L01XF01
2216,CHEMBL38,D10AD51
2219,CHEMBL1201261,V08AC09
2220,CHEMBL1201260,C02CC01
2221,CHEMBL1201256,R06AA10
2223,CHEMBL398707,N02AA03
2225,CHEMBL40,N03AA02
2227,CHEMBL1201300,V08AA04
2229,CHEMBL1201309,H01CA02
2230,CHEMBL1200952,N06BA03
2231,CHEMBL1201407,S01EE02
2233,CHEMBL1201396,D07AC17
2234,CHEMBL1201396,R01AD08
2235,CHEMBL1201396,R03BA05
2236,CHEMBL1201388,H02AA02
2237,CHEMBL1201362,D07AD01
2238,CHEMBL1433,A01AB22
2239,CHEMBL1433,J01AA02
2240,CHEMBL1201361,D07AB10
2241,CHEMBL1201361,S01BA10
2242,CHEMBL1201360,D07AC21
2243,CHEMBL1201356,G02AB01
2245,CHEMBL1201355,V04CC04
2247,CHEMBL1201349,M03AC05
2248,CHEMBL1201347,N01AH05
2250,CHEMBL1201314,J05AB14
2252,CHEMBL1201346,A07EC04
2253,CHEMBL1201342,N04AA03
2255,CHEMBL1503,A02BC01
2257,CHEMBL1201334,L02AE04
2259,CHEMBL1620875,R05DB07
2261,CHEMBL1201325,A03AB10
2262,CHEMBL1201323,V04CG02
2263,CHEMBL1643,J05AP01
2265,CHEMBL1201321,A07DA04
2267,CHEMBL1201320,A02BC05
2269,CHEMBL1201319,C01CA09
2271,CHEMBL405,N06BA02
2272,CHEMBL405,N06BA01
2274,CHEMBL409,L02BB03
2275,CHEMBL1201245,R06AA01
2276,CHEMBL1201087,G02CB03
2277,CHEMBL1201087,N04BC06
2280,CHEMBL1201173,S01BA08
2282,CHEMBL1201148,H02AB15
2284,CHEMBL1201134,A06AX03
2286,CHEMBL1201129,L01BC08
2288,CHEMBL1201117,M03BA03
2289,CHEMBL1201117,M03BA53
2291,CHEMBL1201117,M03BA73
2292,CHEMBL557555,C10AB08
2294,CHEMBL1201112,L01BB07
2296,CHEMBL595,A10BG03
2298,CHEMBL6,C01EB03
2299,CHEMBL6,M01AB01
2300,CHEMBL6,M02AA23
2301,CHEMBL6,S01BC01
2304,CHEMBL6,M01AB51
2307,CHEMBL1201101,G03BA03
2309,CHEMBL1201075,V08AB12
2311,CHEMBL1201046,J01DC11
2313,CHEMBL1201012,D07AC07
2315,CHEMBL1201,N05AF04
2317,CHEMBL1200993,M03AC02
2318,CHEMBL1200973,G03CA03
2319,CHEMBL1200973,G03CA53
2321,CHEMBL6437,N06AX03
2323,CHEMBL1200969,G04CB02
2325,CHEMBL1200963,S01EE03
2327,CHEMBL1200959,R06AD04
2329,CHEMBL1201182,L01EG01
2331,CHEMBL548,G02AD02
2333,CHEMBL511142,N07BC01
2334,CHEMBL511142,N07BC51
2335,CHEMBL511142,N02AE01
2336,CHEMBL493,G02CB01
2337,CHEMBL493,N04BC01
2340,CHEMBL1201237,S01ED03
2342,CHEMBL1201234,C01CA11
2344,CHEMBL1201232,A03AB09
2345,CHEMBL1201229,S01EB04
2346,CHEMBL1201224,J01DD05
2347,CHEMBL1201222,N06BA12
2349,CHEMBL1201220,V08AA01
2351,CHEMBL1201219,M03AC03
2352,CHEMBL1201217,N01BX02
2353,CHEMBL1201217,R02AD04
2356,CHEMBL1201216,S01EX02
2358,CHEMBL1201213,R03AC07
2359,CHEMBL1201213,R03CC06
2362,CHEMBL1201212,C01CA17
2364,CHEMBL42,N05AH02
2366,CHEMBL1201210,N05CM06
2368,CHEMBL1201204,J01DD11
2370,CHEMBL469,M01AB15
2371,CHEMBL469,S01BC05
2374,CHEMBL1201202,B01AX05
2375,CHEMBL1201196,D01AC14
2376,CHEMBL1201196,G01AF19
2379,CHEMBL473,C01BD04
2381,CHEMBL1201192,N06BA13
2383,CHEMBL1412,P02CB01
2385,CHEMBL1201747,S01GX11
2387,CHEMBL1201748,L01CD04
2389,CHEMBL1262,G01AF17
2390,CHEMBL1262,D01AC11
2391,CHEMBL1261,A09AB04
2393,CHEMBL126,J01XX08
2395,CHEMBL1259059,J05AP08
2397,CHEMBL460499,L01BC04
2399,CHEMBL1257051,J01XX11
2401,CHEMBL1257,N01AB04
2403,CHEMBL496,D08AE01
2405,CHEMBL1256786,R03AC13
2407,CHEMBL1256391,L04AX05
2409,CHEMBL1256,N01AB06
2411,CHEMBL1255943,A09AB01
2413,CHEMBL1255800,A07AA12
2414,CHEMBL1237119,B01AC21
2416,CHEMBL1251,H01CC01
2418,CHEMBL125,P01CZ04
2419,CHEMBL125,P01CX04
2420,CHEMBL62193,J01ED01
2422,CHEMBL1242,G04BX06
2423,CHEMBL623,N06AX06
2425,CHEMBL1241951,J05AX18
2427,CHEMBL1241,D04AA04
2428,CHEMBL1241,R06AC04
2431,CHEMBL1239,P03AX01
2433,CHEMBL1238,D10AX03
2435,CHEMBL1237132,C08CA16
2437,CHEMBL1263,R03AC12
2439,CHEMBL1265,D10AD03
2440,CHEMBL1265,D10AD53
2442,CHEMBL1266,R01AA06
2443,CHEMBL1266,R01AB03
2444,CHEMBL1266,S01GA02
2445,CHEMBL1266,S01GA52
2449,CHEMBL1269025,B01AF03
2451,CHEMBL411,G03CB02
2452,CHEMBL411,G03CC05
2453,CHEMBL411,L02AA01
2457,CHEMBL437,D06BA02
2458,CHEMBL437,J01EB07
2461,CHEMBL1295,G01AF15
2463,CHEMBL44618,N01AB02
2464,CHEMBL1293,A11CA02
2465,CHEMBL1293,D02BB01
2468,CHEMBL1290,C07AA23
2470,CHEMBL129,J05AF01
2472,CHEMBL1289926,L01EK01
2474,CHEMBL1289601,L01EX08
2476,CHEMBL1289494,L01EK03
2478,CHEMBL1287853,L01EJ02
2480,CHEMBL1286,N03AX14
2482,CHEMBL12856,C01CE01
2484,CHEMBL1282,D06BB10
2486,CHEMBL103,G03DA04
2488,CHEMBL1279,N02CC07
2490,CHEMBL1278,N02CC02
2492,CHEMBL1276310,J01CA17
2494,CHEMBL1276308,G03XB01
2496,CHEMBL1276308,G03XB51
2497,CHEMBL1276010,D01AE04
2499,CHEMBL1276010,D01AE54
2500,CHEMBL127592,C05AD06
2502,CHEMBL447,N05CA06
2504,CHEMBL1274,L02BB02
2506,CHEMBL448,N05CA01
2508,CHEMBL1272,A10BX02
2510,CHEMBL127,J01DH02
2512,CHEMBL63857,A06AB04
2514,CHEMBL1201749,D07AC19
2516,CHEMBL1131,D05BB02
2518,CHEMBL1094,N03AX10
2520,CHEMBL1208155,H01CC03
2522,CHEMBL1206,N04AA05
2524,CHEMBL1108,N05AD08
2526,CHEMBL120563,P03AA05
2528,CHEMBL1201891,H02AB13
2530,CHEMBL1201864,G03DB08
2532,CHEMBL1123,A03AA07
2534,CHEMBL1201784,V04CX06
2535,CHEMBL1201780,A16AA05
2537,CHEMBL1194666,A08AA03
2539,CHEMBL1237105,G02AD04
2540,CHEMBL1201774,A16AX07
2542,CHEMBL1201772,B01AC22
2543,CHEMBL1201139,G03AC05
2544,CHEMBL1201139,G03DB02
2545,CHEMBL1201139,L02AB01
2549,CHEMBL1201168,N06AF01
2551,CHEMBL12610,A01AD02
2552,CHEMBL12610,G02CC03
2553,CHEMBL12610,M01AX07
2554,CHEMBL12610,M02AA05
2555,CHEMBL12610,R02AX03
2561,CHEMBL1306,G01AG02
2563,CHEMBL1201760,S01AE08
2564,CHEMBL1201754,N03AF03
2566,CHEMBL1201753,C10AA08
2567,CHEMBL1201752,L01DC04
2569,CHEMBL1214,J01CA03
2571,CHEMBL1214124,N03AX22
2573,CHEMBL1215,C01CA06
2574,CHEMBL1215,R01AA04
2575,CHEMBL1215,R01AB01
2576,CHEMBL1215,R01BA03
2577,CHEMBL1215,S01FB01
2578,CHEMBL1215,S01GA05
2580,CHEMBL1215,R01BA53
2585,CHEMBL1215,S01GA55
2587,CHEMBL1004,R06AA09
2588,CHEMBL1004,R06AA59
2590,CHEMBL646,N05CD05
2592,CHEMBL1237066,A12AA10
2594,CHEMBL1237046,J01AA09
2595,CHEMBL1237044,N02AX02
2596,CHEMBL1237021,N05AE05
2597,CHEMBL1237,C09AA03
2598,CHEMBL12318,M05BA02
2600,CHEMBL94394,M01AB17
2601,CHEMBL94394,M02AA09
2604,CHEMBL1231700,N06BX06
2605,CHEMBL1231,G04BD04
2607,CHEMBL1229517,L01EC01
2609,CHEMBL1229211,J05AJ03
2611,CHEMBL1229,J05AH02
2613,CHEMBL1224,R06AX18
2615,CHEMBL1221,D01AC09
2617,CHEMBL488,L02BG01
2619,CHEMBL1219,A02BC04
2621,CHEMBL1219,A02BC54
2622,CHEMBL1218,N05CH02
2624,CHEMBL121626,M01AG02
2626,CHEMBL1200953,A01AC03
2627,CHEMBL1200953,A07EA02
2628,CHEMBL1200953,C05AA01
2629,CHEMBL1200953,D07AA02
2630,CHEMBL1200953,D07AB11
2631,CHEMBL1200953,D07XA01
2632,CHEMBL1200953,H02AB09
2633,CHEMBL1200953,S01BA02
2634,CHEMBL1200953,S01CB03
2635,CHEMBL1200953,S02BA01
2637,CHEMBL691,G03CA01
2638,CHEMBL691,L02AA03
2641,CHEMBL404108,M01AH06
2643,CHEMBL110691,G03DB06
2645,CHEMBL112,N02BE01
2646,CHEMBL112,N02BE51
2648,CHEMBL112,N02BE71
2649,CHEMBL1118,N06AX23
2651,CHEMBL1117,L01DB06
2653,CHEMBL1115,N07AA02
2654,CHEMBL1113,N06AA17
2656,CHEMBL1112,N05AX12
2658,CHEMBL1111,C02KX02
2660,CHEMBL1109,J01ED08
2661,CHEMBL1109,S01AB05
2664,CHEMBL1106,R06AX24
2665,CHEMBL1106,S01GX10
2668,CHEMBL1129,S01AD02
2669,CHEMBL1129,L01BC59
2671,CHEMBL110458,A16AX14
2673,CHEMBL1104,V04CX07
2674,CHEMBL1102,N05CE01
2676,CHEMBL1100,N03AC01
2678,CHEMBL110,P01CA02
2680,CHEMBL3304486,A03AA09
2681,CHEMBL11,N06AA02
2683,CHEMBL1098,N01BB01
2685,CHEMBL1098,N01BB51
2686,CHEMBL404849,C04AX19
2687,CHEMBL113,N06BC01
2689,CHEMBL113,D11AX26
2690,CHEMBL6995,C07AB01
2692,CHEMBL1152,A07EA01
2693,CHEMBL1152,C05AA04
2694,CHEMBL1152,D07AA03
2695,CHEMBL1152,D07XA02
2696,CHEMBL1152,H02AB06
2697,CHEMBL1152,R01AD02
2698,CHEMBL1152,S01BA04
2699,CHEMBL1152,S01CB02
2700,CHEMBL1152,S02BA03
2701,CHEMBL1152,S03BA02
2712,CHEMBL1165268,V08AC04
2714,CHEMBL1165,C09AA13
2716,CHEMBL1164729,M04AA03
2718,CHEMBL1163,J05AE08
2720,CHEMBL1162,G03AC01
2721,CHEMBL1162,G03DC02
2724,CHEMBL1161,D07AC13
2725,CHEMBL1161,D07XC03
2726,CHEMBL1161,R01AD09
2727,CHEMBL1161,R03BA07
2732,CHEMBL656,N02AA05
2734,CHEMBL116,J05AE05
2736,CHEMBL73234,R05DB05
2738,CHEMBL115,J05AE02
2739,CHEMBL1149,A16AA01
2741,CHEMBL1148,C03CA04
2743,CHEMBL768,C07AB09
2745,CHEMBL114655,C04AA02
2746,CHEMBL114655,G02CA02
2749,CHEMBL772,C02AA02
2750,CHEMBL772,C02AA52
2752,CHEMBL790,A01AB03
2753,CHEMBL790,B05CA02
2754,CHEMBL790,D08AC02
2755,CHEMBL790,D09AA12
2756,CHEMBL790,R02AA05
2757,CHEMBL790,S01AX09
2758,CHEMBL790,S02AA09
2759,CHEMBL790,S03AA04
2764,CHEMBL790,D08AC52
2769,CHEMBL1144,C10AA03
2771,CHEMBL1140,A11HA01
2773,CHEMBL114,J05AE01
2775,CHEMBL1139,B01AC09
2777,CHEMBL1138,C10AX09
2779,CHEMBL869,B05CA03
2780,CHEMBL869,P01CC02
2781,CHEMBL869,S02AA02
2782,CHEMBL869,D09AA03
2783,CHEMBL869,D08AF01
2784,CHEMBL869,S01AX04
2785,CHEMBL1136,J01FA15
2786,CHEMBL1096885,L01DB09
2788,CHEMBL1000,R06AE07
2790,CHEMBL100116,N02AD01
2791,CHEMBL1068,N03AF02
2793,CHEMBL1079,M03BX02
2795,CHEMBL1018,G03CB01
2796,CHEMBL1018,G03CC02
2799,CHEMBL1078261,G04BD06
2801,CHEMBL1077896,N01BB09
2803,CHEMBL107360,N06AA23
2805,CHEMBL1020,M01AB03
2806,CHEMBL1020,M02AA21
2809,CHEMBL1021,S01BC10
2811,CHEMBL1071,M01AE12
2813,CHEMBL1023,L01XF03
2815,CHEMBL1069,C09CA03
2817,CHEMBL1064,C10AA01
2819,CHEMBL106,D01AC15
2820,CHEMBL106,J02AC01
2823,CHEMBL1027,N03AG06
2825,CHEMBL1059,N03AX16
2827,CHEMBL1057,S01JA01
2828,CHEMBL1055,C03BA04
2830,CHEMBL1029,A16AX06
2832,CHEMBL1051,S01EE01
2834,CHEMBL105,L01DC03
2836,CHEMBL1046,B02AA01
2838,CHEMBL1043,D10AX05
2839,CHEMBL1043,J04BA02
2842,CHEMBL1042,A11CC05
2844,CHEMBL108,N03AF01
2846,CHEMBL1082,J01CA04
2848,CHEMBL1082407,L02BB04
2850,CHEMBL1083659,N05CM19
2852,CHEMBL1096562,L01XD03
2854,CHEMBL1005,N01AH06
2856,CHEMBL1006,V03AF05
2857,CHEMBL1009,N04BA01
2859,CHEMBL1095097,C03DA04
2861,CHEMBL1095,N03AB01
2863,CHEMBL1094966,R03AC08
2864,CHEMBL1094966,R03CC07
2867,CHEMBL1094636,L01XK02
2869,CHEMBL1093,N01BB08
2870,CHEMBL1093,N01BB58
2872,CHEMBL1091,A01AC03
2873,CHEMBL1091,A07EA02
2874,CHEMBL1091,C05AA01
2875,CHEMBL1091,D07AA02
2876,CHEMBL1091,D07XA01
2877,CHEMBL1091,H02AB09
2878,CHEMBL1091,S01BA02
2879,CHEMBL1091,S01CB03
2880,CHEMBL1091,S02BA01
2890,CHEMBL1090,J05AB03
2891,CHEMBL1090,S01AD06
2894,CHEMBL109,N03AG01
2896,CHEMBL1089318,N04BX04
2897,CHEMBL1089,N06AF03
2899,CHEMBL1014,C09CA06
2901,CHEMBL1088977,A16AA02
2902,CHEMBL1088,N05AC03
2904,CHEMBL10878,N06AX22
2906,CHEMBL1087,N01BB03
2908,CHEMBL1087,N01BB53
2909,CHEMBL1017,C09CA07
2911,CHEMBL1086,C05AD04
2912,CHEMBL1086,D04AB02
2913,CHEMBL1086,N01BB06
2914,CHEMBL1086,S01HA06
2915,CHEMBL1086,S02DA04
2921,CHEMBL1085699,C08CA11
2923,CHEMBL1085,N05AB07
2924,CHEMBL1166,B01AE03
2925,CHEMBL1167,J01XX04
2927,CHEMBL1168,C09AA05
2929,CHEMBL1200562,A01AC03
2930,CHEMBL1200562,A07EA02
2931,CHEMBL1200562,C05AA01
2932,CHEMBL1200562,D07AA02
2933,CHEMBL1200562,D07XA01
2934,CHEMBL1200562,H02AB09
2935,CHEMBL1200562,S01BA02
2936,CHEMBL1200562,S01CB03
2937,CHEMBL1200562,S02BA01
2947,CHEMBL1095282,N05BA15
2949,CHEMBL1200633,P02CF01
2950,CHEMBL1200633,D11AX22
2951,CHEMBL1200624,G03DC06
2953,CHEMBL1200622,H05BX02
2955,CHEMBL1200617,H02AB12
2956,CHEMBL1200617,S01BA13
2959,CHEMBL1200614,V08AB07
2961,CHEMBL1200604,S01FA06
2963,CHEMBL1200604,S01FA56
2964,CHEMBL1200600,C05AA06
2965,CHEMBL1200600,D07AB06
2966,CHEMBL1200600,D07XB04
2967,CHEMBL1200600,D10AA01
2968,CHEMBL1200600,S01BA07
2969,CHEMBL1200600,S01CB05
2976,CHEMBL1200585,A14AA05
2978,CHEMBL1200559,G01AD01
2980,CHEMBL1722501,N05CE03
2982,CHEMBL1200558,D06AX05
2983,CHEMBL1200558,J01XX10
2984,CHEMBL1200558,R02AB04
2985,CHEMBL1200555,V08AB06
2987,CHEMBL1200542,H02AA03
2989,CHEMBL1200538,A07EA04
2990,CHEMBL1200538,C05AA05
2991,CHEMBL1200538,D07AC01
2992,CHEMBL1200538,D07XC01
2993,CHEMBL1200538,H02AB01
2994,CHEMBL1200538,R01AD06
2995,CHEMBL1200538,R03BA04
2996,CHEMBL1200538,S01BA06
2997,CHEMBL1200538,S01CB04
2998,CHEMBL1200538,S02BA07
2999,CHEMBL1200538,S03BA03
3011,CHEMBL1200527,M03AC04
3012,CHEMBL1200515,C02AA05
3014,CHEMBL1200507,V08AB09
3016,CHEMBL1200500,A07EA07
3017,CHEMBL1200500,D07AC15
3018,CHEMBL1200500,R01AD01
3019,CHEMBL1200500,R03BA01
3024,CHEMBL1200490,H01CC02
3026,CHEMBL1200472,N05CD10
3028,CHEMBL967,N05CD07
3030,CHEMBL1200656,S01AA10
3031,CHEMBL1200656,D01AA02
3032,CHEMBL1200656,A07AA03
3033,CHEMBL1200656,A01AB10
3034,CHEMBL1200656,G01AA02
3035,CHEMBL1200682,N01AX11
3036,CHEMBL1200682,N07XX04
3039,CHEMBL1200932,V08AB04
3041,CHEMBL1200922,N05BC04
3043,CHEMBL1200910,J01EB05
3044,CHEMBL1200910,S01AB02
3045,CHEMBL1200909,A07EA01
3046,CHEMBL1200909,C05AA04
3047,CHEMBL1200909,D07AA03
3048,CHEMBL1200909,D07XA02
3049,CHEMBL1200909,H02AB06
3050,CHEMBL1200909,R01AD02
3051,CHEMBL1200909,S01BA04
3052,CHEMBL1200909,S01CB02
3053,CHEMBL1200909,S02BA03
3054,CHEMBL1200909,S03BA02
3065,CHEMBL1200896,G02AD01
3066,CHEMBL841,A07DA03
3068,CHEMBL841,A07DA53
3069,CHEMBL1200868,J04AA01
3070,CHEMBL1200865,S01BA14
3072,CHEMBL1200862,C02KB01
3074,CHEMBL1200848,G03DA03
3076,CHEMBL1200821,V08AD03
3078,CHEMBL1200810,H05BX03
3080,CHEMBL1200802,N05CA07
3082,CHEMBL1200799,S01EE04
3084,CHEMBL1200770,V08AC07
3086,CHEMBL894,N06AX12
3088,CHEMBL1200733,N01AB07
3090,CHEMBL1200732,D07AC11
3092,CHEMBL1200694,N01AB08
3094,CHEMBL1200690,H01BA03
3095,CHEMBL951,V08AD04
3096,CHEMBL1697830,G03DB06
3097,CHEMBL119,P01AX07
3099,CHEMBL1189679,A04AA05
3100,CHEMBL1189679,A04AA55
3102,CHEMBL1189432,R01AC08
3103,CHEMBL1189432,S01GX09
3106,CHEMBL7863,N05CA05
3108,CHEMBL1187011,A01AB06
3109,CHEMBL101,M01AA01
3110,CHEMBL101,M02AA01
3113,CHEMBL130,D06AX02
3114,CHEMBL130,D10AF03
3115,CHEMBL130,G01AA05
3116,CHEMBL130,J01BA01
3117,CHEMBL130,S01AA01
3118,CHEMBL130,S02AA01
3119,CHEMBL130,S03AA08
3127,CHEMBL1185,N02CC03
3129,CHEMBL1341,N02BG09
3131,CHEMBL1183605,D08AJ02
3132,CHEMBL1183605,R02AA17
3135,CHEMBL1182210,R02AA09
3136,CHEMBL2104283,M03BA05
3138,CHEMBL1182,A16AA06
3139,CHEMBL1180725,A03AB05
3140,CHEMBL1179047,N01BA04
3142,CHEMBL1440,D06AA04
3143,CHEMBL1440,S03AA02
3144,CHEMBL1440,S01AA09
3145,CHEMBL1440,S02AA08
3146,CHEMBL1440,A01AB13
3147,CHEMBL1440,J01AA07
3148,CHEMBL117785,N07XX06
3150,CHEMBL1514,N07BC03
3152,CHEMBL1175,N06AX21
3154,CHEMBL1908307,C01DB01
3156,CHEMBL1173055,L01XK03
3158,CHEMBL117287,A06AX05
3160,CHEMBL1172,R06AX27
3162,CHEMBL1171837,L01EA05
3164,CHEMBL1169,J04AA01
3166,CHEMBL1191,B05CA04
3167,CHEMBL1191,D06BA04
3168,CHEMBL1191,J01EB02
3169,CHEMBL1191,S01AB01
3174,CHEMBL1193,D04AA16
3175,CHEMBL1193,R06AB05
3178,CHEMBL1194,N01BB04
3180,CHEMBL1194,N01BB54
3181,CHEMBL1200455,V08AB02
3183,CHEMBL2105497,R05DB15
3185,CHEMBL1200439,V09CX01
3187,CHEMBL2106907,V08AA09
3188,CHEMBL1200436,A14AA08
3190,CHEMBL1200434,R03DA02
3191,CHEMBL2220427,D10AF02
3192,CHEMBL2220427,J01FA01
3193,CHEMBL2220427,S01AA17
3194,CHEMBL1200412,A14AB01
3195,CHEMBL1200412,S01XA11
3198,CHEMBL1200391,B05BB03
3199,CHEMBL1200391,B05XX02
3202,CHEMBL1200386,D07AC18
3204,CHEMBL1200374,L02BG06
3206,CHEMBL334491,N04BX03
3208,CHEMBL1200370,D10AE01
3210,CHEMBL1200370,D10AE51
3211,CHEMBL348000,M04AC02
3213,CHEMBL1200354,C05BB04
3215,CHEMBL1200335,G03BA03
3217,CHEMBL1200,D04AB03
3218,CHEMBL1200,S01HA02
3221,CHEMBL12,N05BA01
3223,CHEMBL1199324,A04AD12
3224,CHEMBL1198,C05AD07
3225,CHEMBL1198,D04AB07
3228,CHEMBL1196,S01HA04
3230,CHEMBL119443,G02AB03
3232,CHEMBL503565,N05CA09
3234,CHEMBL1297,M01AE04
3236,CHEMBL128,N02CC01
3238,CHEMBL1583,J01CA06
3240,CHEMBL400599,A10BX06
3242,CHEMBL418995,N06AA19
3244,CHEMBL1652,N07AA30
3245,CHEMBL428,J01MA13
3246,CHEMBL1651906,L01AD04
3247,CHEMBL1650818,J01CA08
3248,CHEMBL1650559,J01GB14
3250,CHEMBL436,A10XA01
3252,CHEMBL1650,H02AB10
3253,CHEMBL1650,S01BA03
3256,CHEMBL1648,C08CA03
3258,CHEMBL1639,C09XA02
3260,CHEMBL1628502,N03AX12
3262,CHEMBL1628227,D04AX01
3263,CHEMBL1628227,N06AA12
3264,CHEMBL464,D05BB01
3266,CHEMBL1626,D04AA14
3267,CHEMBL1626,R06AA04
3268,CHEMBL1626,R06AA54
3271,CHEMBL1623738,D04AA01
3272,CHEMBL1623738,R01AC06
3273,CHEMBL1623738,R06AC06
3277,CHEMBL479,N05AC02
3279,CHEMBL1622,B03BB01
3280,CHEMBL1622,V04CX02
3283,CHEMBL1622,B03BB51
3284,CHEMBL1621,N05AX13
3286,CHEMBL162036,N02BA10
3288,CHEMBL408,A10BG01
3290,CHEMBL1658,D06AX13
3291,CHEMBL1619,L01BB04
3292,CHEMBL1619,L04AA40
3295,CHEMBL1660,J04AB05
3296,CHEMBL282724,C02KX03
3298,CHEMBL1697771,A02BX14
3300,CHEMBL1697766,N05AB10
3301,CHEMBL290106,D10AB01
3302,CHEMBL290106,P02BX01
3305,CHEMBL1697737,N05BA21
3307,CHEMBL1697733,N06BX12
3308,CHEMBL296419,R06AX11
3310,CHEMBL1689772,J01AA15
3311,CHEMBL1688530,J01XA05
3312,CHEMBL168815,N07AX03
3313,CHEMBL1685,N02AX03
3315,CHEMBL340978,M01AE06
3317,CHEMBL1684,C03AA01
3319,CHEMBL1683590,L01XX41
3320,CHEMBL1683,A01AC03
3321,CHEMBL1683,A07EA02
3322,CHEMBL1683,C05AA01
3323,CHEMBL1683,D07AA02
3324,CHEMBL1683,D07AB02
3325,CHEMBL1683,D07XA01
3326,CHEMBL1683,H02AB09
3327,CHEMBL1683,S01BA02
3328,CHEMBL1683,S01CB03
3329,CHEMBL1683,S02BA01
3331,CHEMBL1682,A06AD18
3332,CHEMBL1682,A06AG07
3333,CHEMBL1682,B05CX02
3334,CHEMBL1682,V04CC01
3339,CHEMBL37744,N06AB02
3340,CHEMBL39736,A10BA03
3342,CHEMBL1676,D07AC17
3343,CHEMBL1676,R01AD08
3344,CHEMBL1676,R01AD12
3345,CHEMBL1676,R03BA05
3346,CHEMBL1676,R03BA09
3349,CHEMBL1672,J01DD13
3350,CHEMBL1668,C02AA01
3352,CHEMBL1664,J05AE07
3354,CHEMBL1663,V08DA01
3355,CHEMBL1663,V08DA04
3356,CHEMBL1661,A06AD12
3358,CHEMBL497,D08AH30
3359,CHEMBL497,D09AA10
3360,CHEMBL497,G01AC02
3361,CHEMBL497,P01AA02
3362,CHEMBL497,S02AA05
3365,CHEMBL497,P01AA52
3369,CHEMBL1618102,A03BB01
3370,CHEMBL277100,J01MA05
3371,CHEMBL1165342,C04AX07
3373,CHEMBL1592,C09AA06
3375,CHEMBL118,L01XX33
3376,CHEMBL118,M01AH01
3379,CHEMBL1590,R01BA02
3380,CHEMBL1590,R01BA52
3382,CHEMBL159,L01CA01
3383,CHEMBL1587,C03AA05
3385,CHEMBL15841,D01AE10
3386,CHEMBL1581,C09AA04
3388,CHEMBL1200359,J01ED04
3390,CHEMBL1201239,V08AA03
3392,CHEMBL15770,M01AB02
3394,CHEMBL121,A10BG02
3396,CHEMBL1575,L01XX11
3398,CHEMBL1213420,M01AC04
3400,CHEMBL1233,M03BA02
3401,CHEMBL1233,M03BA72
3403,CHEMBL1233,M03BA52
3404,CHEMBL1572,J01GB07
3405,CHEMBL1572,S01AA23
3408,CHEMBL1571863,D01AC05
3409,CHEMBL1571863,G01AF07
3412,CHEMBL1291,S01ED04
3414,CHEMBL1291,S01ED54
3415,CHEMBL157101,D01AC08
3416,CHEMBL157101,G01AF11
3417,CHEMBL157101,H02CA03
3418,CHEMBL157101,J02AB02
3419,CHEMBL1568,L01BB05
3420,CHEMBL1593874,D10AX02
3421,CHEMBL1593874,S01AX06
3422,CHEMBL1595,N02AA08
3424,CHEMBL1595,N02AA58
3425,CHEMBL522038,B01AE05
3427,CHEMBL1596,J01CA05
3429,CHEMBL1617,A07AA11
3430,CHEMBL1617,D06AX11
3433,CHEMBL54976,N06AX02
3435,CHEMBL583,J01MA11
3436,CHEMBL61006,R01BA01
3437,CHEMBL61006,R01BA51
3438,CHEMBL76370,A06AX06
3439,CHEMBL1615438,R01AC02
3440,CHEMBL1615438,S01GX02
3441,CHEMBL1614701,L01EE04
3443,CHEMBL1614,C01AA07
3445,CHEMBL865,M01AH03
3447,CHEMBL161,J01DD04
3448,CHEMBL161,J01DD54
3449,CHEMBL94081,M01AB06
3451,CHEMBL1609,B05CA06
3452,CHEMBL1609,J01XX06
3453,CHEMBL1605,J01DD14
3455,CHEMBL1604,J01DB09
3457,CHEMBL1601669,A11CC03
3459,CHEMBL1601,J01DC06
3461,CHEMBL956,M01AE07
3463,CHEMBL1077,S01BC11
3465,CHEMBL1599,J01DB08
3467,CHEMBL1110,A03AE01
3469,CHEMBL1597,V03AB09
3471,CHEMBL1697826,N05AB09
3473,CHEMBL1697838,A10BC01
3474,CHEMBL1561,A10BF02
3476,CHEMBL19019,N07BB04
3478,CHEMBL190044,A03AA05
3480,CHEMBL190,R03DA04
3482,CHEMBL190,R03DA74
3483,CHEMBL190,R03DA54
3484,CHEMBL1324,N04BX01
3486,CHEMBL1402684,A06AB01
3488,CHEMBL19,S01EC05
3489,CHEMBL189963,L01EF01
3491,CHEMBL189171,M01AB11
3493,CHEMBL189,C01CE02
3495,CHEMBL1888176,G04BD09
3496,CHEMBL1411979,R06AC05
3497,CHEMBL1873475,L01EL01
3498,CHEMBL1868702,G03XA02
3500,CHEMBL1863513,D06BX02
3502,CHEMBL186,J01DE01
3503,CHEMBL185073,M03AC01
3504,CHEMBL185,L01BC02
3506,CHEMBL185,L01BC52
3507,CHEMBL184618,D09AA01
3508,CHEMBL184618,R01AX08
3509,CHEMBL184618,S01AA07
3513,CHEMBL18442,L03AX16
3515,CHEMBL184412,C01BD07
3517,CHEMBL184,D06BB03
3518,CHEMBL184,J05AB01
3519,CHEMBL184,S01AD03
3522,CHEMBL184,D06BB53
3524,CHEMBL1419,A08AA10
3526,CHEMBL1474889,R05DB03
3528,CHEMBL12713,N05AE03
3530,CHEMBL190461,N03AX24
3532,CHEMBL1823872,H01CB01
3533,CHEMBL198362,B01AF01
3535,CHEMBL1983350,N03AX17
3537,CHEMBL1200714,M03BB02
3538,CHEMBL1200714,M03BB72
3539,CHEMBL1200714,M03BB52
3541,CHEMBL1963683,S01EE05
3543,CHEMBL1963681,G04BE10
3545,CHEMBL196,A11GA01
3546,CHEMBL196,G01AD03
3547,CHEMBL196,S01XA15
3551,CHEMBL1951095,J01AA13
3552,CHEMBL1946170,L01EX05
3554,CHEMBL193482,G03CA04
3555,CHEMBL193482,G03CC06
3558,CHEMBL193240,R03DX07
3560,CHEMBL19236,C02AC05
3562,CHEMBL19215,G02CB05
3564,CHEMBL192,G04BE03
3566,CHEMBL191,C09CA01
3568,CHEMBL1909324,A03AX04
3569,CHEMBL122,M01AH02
3571,CHEMBL1908360,L01EG02
3572,CHEMBL1908360,L04AA18
3575,CHEMBL1228,M01AA03
3576,CHEMBL1228,M02AA04
3577,CHEMBL1228,S01BC02
3578,CHEMBL1477,C10AA06
3580,CHEMBL15870,M01AE10
3582,CHEMBL267744,C03CC02
3584,CHEMBL1751,C01AA05
3586,CHEMBL175,M01AE14
3588,CHEMBL1950576,S01AA15
3590,CHEMBL1749,S01XA05
3591,CHEMBL1749,V03AB03
3592,CHEMBL1747,J01GB01
3593,CHEMBL1747,S01AA12
3596,CHEMBL1743,J01DD16
3597,CHEMBL1742423,R06AX29
3599,CHEMBL1741,J01FA09
3601,CHEMBL22242,N05AL04
3603,CHEMBL232201,C01DX04
3605,CHEMBL232201,C01DX54
3606,CHEMBL1736,V08AA02
3607,CHEMBL24072,C01DX02
3609,CHEMBL24072,C01DX52
3610,CHEMBL248702,A08AA04
3612,CHEMBL1734,G04BD08
3614,CHEMBL1732,N02CA01
3616,CHEMBL1732,N02CA51
3617,CHEMBL1731,J01CA10
3619,CHEMBL1727,J01DB01
3620,CHEMBL1726,C08CA07
3622,CHEMBL1725,V08AB05
3624,CHEMBL17,S01EC02
3626,CHEMBL169901,C02CC04
3627,CHEMBL1750,L01BB06
3629,CHEMBL1752,R03DA01
3630,CHEMBL1752,R03DA51
3632,CHEMBL182,J05AB06
3633,CHEMBL182,S01AD09
3636,CHEMBL175247,A08AB01
3638,CHEMBL181,C02DA01
3639,CHEMBL181,V03AH01
3642,CHEMBL180022,L01EH02
3644,CHEMBL1789941,L01EJ01
3646,CHEMBL16073,N02BE03
3647,CHEMBL16073,N02BE53
3649,CHEMBL16073,N02BE73
3650,CHEMBL1697760,C03CD01
3652,CHEMBL17860,N07BC04
3654,CHEMBL178,L01DB02
3656,CHEMBL1774461,V09AX05
3658,CHEMBL170988,A10BA01
3660,CHEMBL1773,L01BC06
3662,CHEMBL1771,B01AC04
3664,CHEMBL1770248,A10BK04
3666,CHEMBL177,D06AX12
3667,CHEMBL177,J01GB06
3668,CHEMBL177,S01AA21
3672,CHEMBL17157,R06AX12
3674,CHEMBL1764,N05AA02
3676,CHEMBL1729,A03FA02
3678,CHEMBL1760,R03AC03
3679,CHEMBL1760,R03CC03
3680,CHEMBL1760,R03CC53
3683,CHEMBL175691,J05AG05
3685,CHEMBL1754,R07AB01
3687,CHEMBL1753,D10AF01
3688,CHEMBL1753,G01AA10
3689,CHEMBL1753,J01FF01
3691,CHEMBL1753,D10AF51
3694,CHEMBL104,A01AB18
3695,CHEMBL104,D01AC01
3696,CHEMBL104,G01AF02
3700,CHEMBL141305,G03GB01
3702,CHEMBL1413,D01AE14
3703,CHEMBL1413,G01AX12
3706,CHEMBL1431,A10BA02
3708,CHEMBL1430,M01CC01
3710,CHEMBL1429,H01BA02
3711,CHEMBL1428,C08CA06
3713,CHEMBL142703,A10BH02
3715,CHEMBL231813,J05AP02
3717,CHEMBL1425,L01BB02
3718,CHEMBL1423,N05AG02
3720,CHEMBL1422,A10BH01
3722,CHEMBL1421,L01EA02
3724,CHEMBL245807,A06AB01
3725,CHEMBL1420,V03AB04
3726,CHEMBL1410743,N05CC05
3728,CHEMBL141,J05AF05
3730,CHEMBL254857,N06BX05
3732,CHEMBL14060,C05BB05
3733,CHEMBL14060,D08AE03
3734,CHEMBL14060,N01BX03
3735,CHEMBL14060,R02AA19
3740,CHEMBL267894,N05CA02
3742,CHEMBL1405,G03CA07
3743,CHEMBL1405,G03CC04
3746,CHEMBL1404,C01EB18
3748,CHEMBL1401,P01AX11
3750,CHEMBL1399,L02BG03
3752,CHEMBL139835,G03HA01
3754,CHEMBL1397,J02AC04
3756,CHEMBL1434,A01AB23
3757,CHEMBL1434,D10AF07
3758,CHEMBL1434,J01AA08
3759,CHEMBL14687,D08AX53
3760,CHEMBL14687,D08AX03
3761,CHEMBL1449,J01CA13
3763,CHEMBL1466,B01AA01
3765,CHEMBL1465,B01AA04
3767,CHEMBL1464,B01AA03
3769,CHEMBL1463,D01AE21
3770,CHEMBL1463,J02AX01
3773,CHEMBL1460,J05AF02
3775,CHEMBL1457,R05DA03
3777,CHEMBL2104607,R07AB02
3778,CHEMBL2104607,R07AB52
3780,CHEMBL1453317,P03BX01
3782,CHEMBL1451116,D09AA13
3784,CHEMBL1451,A01AC01
3785,CHEMBL1451,C05AA12
3786,CHEMBL1451,D07AB09
3787,CHEMBL1451,D07XB02
3788,CHEMBL1451,H02AB08
3789,CHEMBL1451,R01AD11
3790,CHEMBL1451,R03BA06
3791,CHEMBL1451,S01BA05
3800,CHEMBL2105075,N02BG04
3802,CHEMBL1560,C09AA01
3804,CHEMBL1448,P02DA01
3806,CHEMBL2106227,N05BX03
3808,CHEMBL2105233,N05CA22
3810,CHEMBL1447,J01FF02
3812,CHEMBL144673,A01AB12
3813,CHEMBL144673,G01AX16
3816,CHEMBL1445,G03BA01
3818,CHEMBL1443,J01CF06
3820,CHEMBL1441,J04AD03
3822,CHEMBL1439973,A04AD04
3823,CHEMBL1439973,A04AD54
3825,CHEMBL2105527,M03BX07
3827,CHEMBL14376,N05AX14
3829,CHEMBL14370,N06AX18
3830,CHEMBL1437,C01CA03
3832,CHEMBL1436,J01DC02
3833,CHEMBL1436,S01AA27
3834,CHEMBL2105581,N05AL06
3836,CHEMBL1396,N07BA03
3838,CHEMBL1395,G03BA02
3839,CHEMBL1395,G03EK01
3842,CHEMBL139367,J05AH03
3843,CHEMBL1350,M05BA05
3845,CHEMBL135,G03CA03
3846,CHEMBL135,G03CA53
3848,CHEMBL1349,J05AB11
3850,CHEMBL1346,G04BD10
3852,CHEMBL134,C02AC01
3853,CHEMBL134,N02CX02
3854,CHEMBL134,S01EA04
3858,CHEMBL1339216,G04BX12
3859,CHEMBL1336,L01EX02
3861,CHEMBL1334860,P01AC01
3862,CHEMBL1332032,B01AC18
3864,CHEMBL1331216,A03BA03
3865,CHEMBL1329455,C01DX12
3866,CHEMBL1328,V04CG04
3868,CHEMBL1393,C03DA01
3870,CHEMBL1323,J05AE10
3872,CHEMBL388590,M04AB03
3874,CHEMBL1321,L01XB01
3876,CHEMBL13209,N05CD02
3878,CHEMBL1318341,C03BA09
3880,CHEMBL1314,G04BX16
3882,CHEMBL1311,C01DA14
3884,CHEMBL131,A07EA01
3885,CHEMBL131,C05AA04
3886,CHEMBL131,D07AA03
3887,CHEMBL131,D07XA02
3888,CHEMBL131,H02AB06
3889,CHEMBL131,R01AD02
3890,CHEMBL131,S01BA04
3891,CHEMBL131,S01CB02
3892,CHEMBL131,S02BA03
3893,CHEMBL131,S03BA02
3898,CHEMBL131,R01AD52
3903,CHEMBL131,A01AC54
3906,CHEMBL1305,R01AC04
3907,CHEMBL1305,R06AX05
3910,CHEMBL1303,N04BC09
3912,CHEMBL1358,L02BA03
3914,CHEMBL1359,J01DH03
3916,CHEMBL1389,G03AC03
3917,CHEMBL1389,G03AD01
3920,CHEMBL1388,D11AX13
3922,CHEMBL268164,N05CA10
3924,CHEMBL268869,J01ED05
3926,CHEMBL1384,J01GB04
3927,CHEMBL1384,S01AA24
3928,CHEMBL1384,A07AA08
3929,CHEMBL13828,R06AE06
3931,CHEMBL1382627,D06BA01
3932,CHEMBL1382627,J01EC02
3933,CHEMBL1382627,D06BA51
3935,CHEMBL273575,N06AX04
3936,CHEMBL1378024,J04AD01
3938,CHEMBL1377,P01BB01
3940,CHEMBL1377,P01BB51
3941,CHEMBL278819,N06AX07
3943,CHEMBL1374379,R05DB01
3945,CHEMBL1373254,C03AA07
3947,CHEMBL1373,N06BA07
3949,CHEMBL31,J01MA16
3950,CHEMBL31,S01AE06
3953,CHEMBL316157,J01DB02
3955,CHEMBL1371,M03BB03
3956,CHEMBL1371,M03BB53
3958,CHEMBL1371,M03BB73
3959,CHEMBL316561,A02BX06
3961,CHEMBL32800,G02CA03
3962,CHEMBL32800,R03AC04
3963,CHEMBL32800,R03CC04
3967,CHEMBL1366,M01CB03
3968,CHEMBL1364,A11HA02
3970,CHEMBL1467,M04AA01
3972,CHEMBL1467,M04AA51
3973,CHEMBL1450,P01AX06
3974,CHEMBL1515,H03BB02
3975,CHEMBL1515,H03BB52
3977,CHEMBL1496,C10AA07
3979,CHEMBL1454946,P02CA05
3981,CHEMBL1495,A03AA01
3983,CHEMBL1493,G04BD02
3985,CHEMBL1874750,C04AX27
3986,CHEMBL153479,R05CB06
3987,CHEMBL1454,P02CE01
3989,CHEMBL1492500,N06AA16
3990,CHEMBL1535,P01BA02
3992,CHEMBL1522,N05CF04
3994,CHEMBL1536,A11CC01
3996,CHEMBL1491,C08CA01
3998,CHEMBL1525,P03AC04
4000,CHEMBL1525,P03AC54
4001,CHEMBL1490,N04AA01
4003,CHEMBL1463345,C03DA03
4005,CHEMBL1452696,M01AX18
4006,CHEMBL1452696,M02AA16
4009,CHEMBL1452696,M01AX68
4010,CHEMBL1524273,A07AB02
4012,CHEMBL1501,C05AA11
4013,CHEMBL1501,D07AC08
4016,CHEMBL1502,A02BC02
4018,CHEMBL1531,G03AC08
4020,CHEMBL1532,C03BA02
4022,CHEMBL159226,C04AX10
4023,CHEMBL159226,G04BE06
4026,CHEMBL1512,R01AD04
4027,CHEMBL1512,R03BA03
4028,CHEMBL1533,G03AC09
4030,CHEMBL1534,A11HA04
4031,CHEMBL1534,S01XA26
4034,CHEMBL1517,J01AA06
4035,CHEMBL1517,D06AA03
4036,CHEMBL1517,S01AA04
4037,CHEMBL1517,G01AA07
4038,CHEMBL1517,J01AA56
4039,CHEMBL1509,G03AC10
4041,CHEMBL146095,N02BG03
4043,CHEMBL1507567,A07EA03
4044,CHEMBL1507567,H02AB07
4045,CHEMBL1506,D06AX02
4046,CHEMBL1506,D10AF03
4047,CHEMBL1506,G01AA05
4048,CHEMBL1506,J01BA01
4049,CHEMBL1506,S01AA01
4050,CHEMBL1506,S02AA01
4051,CHEMBL1506,S03AA08
4059,CHEMBL1513,C09CA04
4061,CHEMBL1489,L01BC07
4063,CHEMBL1537,J01CA09
4065,CHEMBL1541,J01DD08
4066,CHEMBL154111,N02BA06
4068,CHEMBL1418176,A14AA03
4069,CHEMBL1418176,D11AE01
4072,CHEMBL1543,V03AB32
4074,CHEMBL2104149,N02AC05
4076,CHEMBL1549,A01AC03
4077,CHEMBL1549,A07EA02
4078,CHEMBL1549,C05AA01
4079,CHEMBL1549,D07AA02
4080,CHEMBL1549,D07XA01
4081,CHEMBL1549,H02AB09
4082,CHEMBL1549,S01BA02
4083,CHEMBL1549,S01CB03
4084,CHEMBL1549,S02BA01
4094,CHEMBL1521,N05CF03
4096,CHEMBL1550,B02BA01
4097,CHEMBL1475,D05AD01
4098,CHEMBL1475,D05BA01
4101,CHEMBL1473,D07AC17
4102,CHEMBL1473,R01AD08
4103,CHEMBL1473,R03BA05
4107,CHEMBL1473,R01AD58
4108,CHEMBL1472,V04CJ02
4110,CHEMBL1554,L01DA01
4111,CHEMBL1471,A04AD12
4113,CHEMBL1520,G04BE09
4115,CHEMBL1488,L01AD08
4117,CHEMBL1519,C09AA10
4119,CHEMBL1484,C08CA04
4121,CHEMBL1483,P02CA03
4123,CHEMBL1538,J05AF07
4124,CHEMBL1482,N07AB02
4125,CHEMBL1479,G03XA01
4127,CHEMBL1481,A10BB12
4128,CHEMBL152,J05AB12
4129,CHEMBL154,G02CC02
4130,CHEMBL154,M01AE02
4131,CHEMBL154,M02AA12
4135,CHEMBL1540,D06BB06
4136,CHEMBL1540,J05AB13
4139,CHEMBL1480987,C04AX01
4141,CHEMBL1480,C08CA02
4143,CHEMBL282052,N05CM01
4145,CHEMBL282052,N05CX02
4146,CHEMBL1644,J01DB05
4148,CHEMBL111,A08AX01
4150,CHEMBL1500276,R05DB09
4152,CHEMBL2105842,H02AB17
4154,CHEMBL468,L04AX02
4156,CHEMBL370252,J01MB07
4158,CHEMBL1184360,D01AE17
4159,CHEMBL13280,N05CD03
4161,CHEMBL1024,L01AA06
4163,CHEMBL1213351,N02AC04
4165,CHEMBL45816,C08CX01
4167,CHEMBL363295,G04BD05
4168,CHEMBL1589896,R03AC06
4169,CHEMBL1589896,R03CC05
4172,CHEMBL1200692,C09CA08
4174,CHEMBL1256841,N06AF02
4176,CHEMBL776,R03AB03
4177,CHEMBL776,R03CB03
4180,CHEMBL2106939,D08AC05
4181,CHEMBL85231,N06AX13
4183,CHEMBL1697856,N02BE04
4184,CHEMBL1697856,N02BE74
4186,CHEMBL1697856,N02BE54
4187,CHEMBL652,C01BC04
4189,CHEMBL1200647,G01AA04
4190,CHEMBL2105002,R05DB04
4192,CHEMBL32479,N05CD09
4194,CHEMBL305187,C04AX28
4196,CHEMBL2105735,J05AP06
4198,CHEMBL2105345,N01AX04
4200,CHEMBL292707,M01AE13
4202,CHEMBL1075,C01BG01
4204,CHEMBL2146161,J01FG01
4205,CHEMBL254832,C08EA01
4207,CHEMBL2303613,J01DD09
4208,CHEMBL1442422,N06AA08
4210,CHEMBL288470,N02BB03
4211,CHEMBL288470,N02BB73
4213,CHEMBL288470,N02BB53
4214,CHEMBL1497,A07EA04
4215,CHEMBL1497,C05AA05
4216,CHEMBL1497,D07AC01
4217,CHEMBL1497,D07XC01
4218,CHEMBL1497,H02AB01
4219,CHEMBL1497,R01AD06
4220,CHEMBL1497,R03BA04
4221,CHEMBL1497,S01BA06
4222,CHEMBL1497,S01CB04
4223,CHEMBL1497,S02BA07
4224,CHEMBL1497,S03BA03
4236,CHEMBL315838,C01BC08
4238,CHEMBL7728,N01AF02
4239,CHEMBL7728,N05CA16
4242,CHEMBL315795,N05CM02
4244,CHEMBL315795,N05CX04
4245,CHEMBL1625607,R06AX15
4247,CHEMBL279516,C02CA02
4249,CHEMBL51,C02KD01
4251,CHEMBL1200878,A01AC01
4252,CHEMBL1200878,C05AA12
4253,CHEMBL1200878,D07AB09
4254,CHEMBL1200878,D07XB02
4255,CHEMBL1200878,H02AB08
4256,CHEMBL1200878,R01AD11
4257,CHEMBL1200878,R03BA06
4258,CHEMBL1200878,S01BA05
4267,CHEMBL2106988,J01CE06
4269,CHEMBL1697851,N05AB05
4271,CHEMBL1200986,N05AD01
4273,CHEMBL530,J01CA11
4274,CHEMBL850,J01MA09
4276,CHEMBL604608,V06DC02
4277,CHEMBL64195,N03AX30
4279,CHEMBL116943,R07AB03
4281,CHEMBL116943,R07AB53
4282,CHEMBL75880,C08EX02
4284,CHEMBL752,C01EB10
4285,CHEMBL53418,A06AB03
4286,CHEMBL53418,A06AB53
4288,CHEMBL531,N04BC02
4290,CHEMBL19490,M01AB04
4291,CHEMBL188952,M01AE08
4293,CHEMBL1201116,J01CA18
4295,CHEMBL2105458,D04AA03
4296,CHEMBL2105458,R06AX03
4297,CHEMBL2105458,R06AX53
4300,CHEMBL444,N05CA04
4302,CHEMBL20,S01EC01
4304,CHEMBL1511,G03CA03
4305,CHEMBL1511,G03CA53
4307,CHEMBL15245,G04BE04
4309,CHEMBL152408,R06AX23
4311,CHEMBL314854,L04AA27
4313,CHEMBL1518,H03BA02
4315,CHEMBL3184437,R02AA03
4316,CHEMBL1510,N02CC06
4318,CHEMBL3188267,L01EX17
4320,CHEMBL1505,N02CC05
4322,CHEMBL328190,G03XC03
4323,CHEMBL328560,N03AX03
4325,CHEMBL3286830,L01ED05
4327,CHEMBL3099695,H02CA02
4329,CHEMBL305660,R06AX22
4331,CHEMBL1370,A07EA06
4332,CHEMBL1370,D07AC09
4333,CHEMBL1370,R01AD05
4334,CHEMBL1370,R03BA02
4339,CHEMBL158,J01DF01
4340,CHEMBL159776,N06BX16
4342,CHEMBL277522,M01AE05
4344,CHEMBL278623,V04CD06
4346,CHEMBL1591,D06AA01
4347,CHEMBL1591,J01AA01
4348,CHEMBL1585,L01AX02
4350,CHEMBL1580,L01XX08
4352,CHEMBL29,J01CE01
4353,CHEMBL29,S01AA14
4356,CHEMBL1542,L04AX01
4358,CHEMBL1574,A08AA01
4360,CHEMBL290962,G02CB04
4361,CHEMBL157138,G02CB02
4362,CHEMBL157138,N02CA07
4365,CHEMBL294951,N02CX01
4367,CHEMBL1569487,M01AC05
4369,CHEMBL1566,A10BF01
4370,CHEMBL3,N07BA01
4372,CHEMBL3301594,J05AX29
4374,CHEMBL1492,R06AA07
4376,CHEMBL1492,R06AA57
4377,CHEMBL3301612,L01EC03
4379,CHEMBL376140,J01AA12
4380,CHEMBL382301,G02CX01
4381,CHEMBL3989506,D06BB02
4382,CHEMBL3989506,J05AC03
4385,CHEMBL139,D11AX18
4386,CHEMBL139,M01AB05
4387,CHEMBL139,M02AA15
4388,CHEMBL139,S01BC03
4389,CHEMBL139,M01AB55
4394,CHEMBL1382,G04BD07
4396,CHEMBL1380,J05AF06
4398,CHEMBL4,J01MA01
4399,CHEMBL4,S01AE01
4400,CHEMBL4,S02AA16
4404,CHEMBL403,J01CG01
4406,CHEMBL404520,D06AA02
4407,CHEMBL404520,J01AA03
4408,CHEMBL404520,S01AA02
4409,CHEMBL404520,A01AB21
4410,CHEMBL1372950,C04AE02
4412,CHEMBL1435,J01DB04
4414,CHEMBL3707331,A04AD14
4416,CHEMBL1487,C10AA05
4418,CHEMBL3304485,A06AX08
4420,CHEMBL33986,N02AF01
4422,CHEMBL1476022,G03DB04
4423,CHEMBL1456,L04AA06
4424,CHEMBL1455,L01XX03
4426,CHEMBL3545313,C10AX15
4428,CHEMBL1444,L02BG04
4430,CHEMBL365795,M01AE11
4432,CHEMBL36715,N06BX03
4434,CHEMBL276832,C02DB02
4436,CHEMBL16,N03AB02
4438,CHEMBL16,N03AB52
4439,CHEMBL160,S01XA18
4440,CHEMBL160,L04AD01
4441,CHEMBL1757,J01XX01
4443,CHEMBL2105669,J01XX11
4444,CHEMBL2105759,L04AA37
4446,CHEMBL178862,A16AX02
4448,CHEMBL1788393,P01AC03
4450,CHEMBL2106441,B05CA07
4452,CHEMBL1766,D07AC03
4453,CHEMBL1766,D07XC02
4456,CHEMBL1762,C01BB03
4458,CHEMBL1755,C03XA02
4460,CHEMBL220491,S01EC04
4462,CHEMBL220491,S01EC54
4463,CHEMBL2110725,L01CA05
4464,CHEMBL2110938,N06BX15
4465,CHEMBL2135460,H01BA04
4467,CHEMBL174,J01CA01
4468,CHEMBL174,S01AA19
4470,CHEMBL174,J01CA51
4472,CHEMBL21731,N06AA21
4474,CHEMBL1738797,L01ED03
4476,CHEMBL2105637,J01MA23
4478,CHEMBL2105420,B05CA05
4480,CHEMBL2105395,G03XC05
4482,CHEMBL2105322,R01AX05
4484,CHEMBL1983268,L01EX14
4486,CHEMBL2042122,V09AX04
4488,CHEMBL2048028,S01XA25
4490,CHEMBL19224,A03AD01
4491,CHEMBL19224,G04BE02
4492,CHEMBL19224,G04BE52
4495,CHEMBL2095212,G04BD12
4497,CHEMBL1907001,D09AA05
4498,CHEMBL2103837,N07XX08
4500,CHEMBL2103846,G03AD02
4501,CHEMBL2103846,G03XB02
4504,CHEMBL2103867,A06AX07
4505,CHEMBL2103873,C02KX04
4507,CHEMBL2103875,L01EE01
4509,CHEMBL219916,A03FA03
4511,CHEMBL220492,N03AX11
4513,CHEMBL267345,A01AB04
4514,CHEMBL267345,A07AA07
4515,CHEMBL267345,G01AA03
4516,CHEMBL267345,J02AA01
4521,CHEMBL254219,C01AA04
4523,CHEMBL163,J05AE03
4525,CHEMBL2403238,J05AJ04
4527,CHEMBL24147,D10AX02
4528,CHEMBL24147,S01AX06
4531,CHEMBL1626223,P02CC01
4533,CHEMBL1623,R06AE05
4534,CHEMBL1623,R06AE55
4536,CHEMBL252556,N06BX13
4538,CHEMBL1618018,S01FA05
4539,CHEMBL254316,J05AJ01
4541,CHEMBL1730,J01DD01
4542,CHEMBL254328,L02BX03
4543,CHEMBL255863,L01EA03
4545,CHEMBL1614637,J01CE05
4547,CHEMBL238071,L01CA03
4548,CHEMBL1697841,A03AX10
4549,CHEMBL221959,L04AA29
4551,CHEMBL222559,J05AE09
4553,CHEMBL1697782,D07AA01
4554,CHEMBL1697782,D07AC14
4555,CHEMBL1697782,D10AA02
4556,CHEMBL1697782,H02AB04
4558,CHEMBL1697744,R05CB15
4560,CHEMBL225072,L01BA04
4562,CHEMBL226335,C05CA01
4564,CHEMBL226335,C05CA51
4565,CHEMBL23,C05AE03
4566,CHEMBL23,C08DB01
4569,CHEMBL1680,H01CB02
4570,CHEMBL167731,L01DB11
4572,CHEMBL1670,L01XX23
4574,CHEMBL1657,D05AX05
4576,CHEMBL1655,L02BA02
4578,CHEMBL406,C03BA11
4580,CHEMBL1054,C03AA06
4582,CHEMBL760,L01XX35
4584,CHEMBL720,P03AX06
4586,CHEMBL1200438,D01AC07
4587,CHEMBL1200438,G01AF08
4590,CHEMBL1200430,G03CA03
4592,CHEMBL1200430,G03CA53
4593,CHEMBL7413,N01AF01
4594,CHEMBL7413,N05CA15
4597,CHEMBL744,N07XX02
4599,CHEMBL1200342,H02AB05
4601,CHEMBL716,N05AH04
4603,CHEMBL778,N05CM18
4605,CHEMBL783,A10BX03
4606,CHEMBL787,R03DC03
4607,CHEMBL787,R03DC53
4609,CHEMBL79,C01BB01
4610,CHEMBL79,C05AD01
4611,CHEMBL79,D04AB01
4612,CHEMBL79,N01BB02
4613,CHEMBL79,R02AD02
4614,CHEMBL79,S01HA07
4615,CHEMBL79,S02DA01
4621,CHEMBL79,N01BB52
4624,CHEMBL8,J01MA02
4625,CHEMBL8,S01AE03
4626,CHEMBL8,S02AA15
4627,CHEMBL8,S03AA07
4632,CHEMBL1200453,D06BB11
4634,CHEMBL715,N05AH03
4636,CHEMBL137,A01AB17
4637,CHEMBL137,D06BX01
4638,CHEMBL137,G01AF01
4639,CHEMBL137,J01XD01
4640,CHEMBL137,P01AB01
4642,CHEMBL137,P01AB51
4647,CHEMBL1200686,D11AH02
4649,CHEMBL626,D01AE22
4651,CHEMBL1200946,A14AB01
4652,CHEMBL1200946,S01XA11
4655,CHEMBL641,N06BA09
4657,CHEMBL642,C07AB04
4659,CHEMBL1200763,V09CX02
4661,CHEMBL65794,J01DE02
4662,CHEMBL1200666,D05AX02
4664,CHEMBL1200666,D05AX52
4665,CHEMBL672,C10AB05
4667,CHEMBL1200608,D02BA02
4668,CHEMBL708,N05AE04
4670,CHEMBL1200468,P03AX03
4672,CHEMBL711,B01AA02
4674,CHEMBL1183717,R07AB07
4676,CHEMBL810,L01AX03
4678,CHEMBL814,N06AB08
4679,CHEMBL945,C03DB01
4681,CHEMBL918,N03AX07
4683,CHEMBL92,L01CD02
4684,CHEMBL922,J05AF08
4686,CHEMBL924,M05BA08
4688,CHEMBL1095777,R03AC18
4690,CHEMBL926,C01CA07
4692,CHEMBL927,J01DD15
4693,CHEMBL1086440,P02BX04
4695,CHEMBL1173655,L01EB03
4697,CHEMBL979,N05BC01
4699,CHEMBL979,N05BC51
4700,CHEMBL979,N05CX01
4701,CHEMBL98,L01XH01
4703,CHEMBL1073,A10BB07
4705,CHEMBL1072,C03CA02
4707,CHEMBL1070,M01AX01
4709,CHEMBL107,M04AC01
4711,CHEMBL1095607,R03AC15
4712,CHEMBL1095607,R03CC14
4715,CHEMBL91397,R06AX28
4717,CHEMBL911,N05CF02
4719,CHEMBL905,N02CC04
4721,CHEMBL1101,N04AA02
4723,CHEMBL822,D01AE15
4724,CHEMBL822,D01BA02
4727,CHEMBL832,M04AB02
4729,CHEMBL1159650,D07AD01
4731,CHEMBL848,L04AX04
4733,CHEMBL85,N05AX08
4735,CHEMBL1146,J01DC03
4737,CHEMBL855,R06AX07
4739,CHEMBL1121,V04CC03
4740,CHEMBL1121,V04CK02
4742,CHEMBL877,B02AA02
4743,CHEMBL887,N04BD02
4745,CHEMBL891,J01CF02
4747,CHEMBL1107,P01BX01
4749,CHEMBL1200979,A11HA30
4750,CHEMBL1200979,D03AX03
4751,CHEMBL1200979,S01XA12
4755,CHEMBL1201109,D07AB08
4756,CHEMBL1201109,S01BA11
4759,CHEMBL46286,L01XX40
4761,CHEMBL455186,L01AB02
4763,CHEMBL457,C10AB04
4765,CHEMBL459324,N07BC06
4766,CHEMBL4594284,L01XD07
4767,CHEMBL1231723,C05BB02
4768,CHEMBL498,A10BB02
4770,CHEMBL1220,J01XD02
4771,CHEMBL1220,P01AB02
4774,CHEMBL476,L01AX04
4776,CHEMBL483254,L01XH03
4778,CHEMBL1206690,M01AH04
4780,CHEMBL485253,N02CA04
4781,CHEMBL1201776,N02AX06
4783,CHEMBL451887,L01XG02
4785,CHEMBL45,N05CH01
4787,CHEMBL1257073,J05AX24
4788,CHEMBL408403,C01CX09
4790,CHEMBL1337,A16AX04
4792,CHEMBL4204794,L01EX18
4794,CHEMBL428647,L01CD01
4796,CHEMBL1308,V03AB34
4798,CHEMBL4297585,A16AX17
4800,CHEMBL13,C07AB02
4802,CHEMBL1296,J01DC07
4804,CHEMBL1294,C01BA01
4805,CHEMBL1294,C01BA51
4806,CHEMBL1294,C01BA71
4807,CHEMBL441738,D02BB02
4809,CHEMBL127300,C01DX06
4811,CHEMBL44657,L01CB01
4813,CHEMBL494,B01AC11
4815,CHEMBL498847,P01AB07
4817,CHEMBL607400,N03AX23
4819,CHEMBL1201203,N04AC01
4820,CHEMBL1201247,L02AE03
4822,CHEMBL564085,J01FA08
4824,CHEMBL565,C10AB01
4826,CHEMBL578,C09AA02
4828,CHEMBL580,N05BA06
4829,CHEMBL580,N05BA56
4831,CHEMBL589,N04BC04
4833,CHEMBL499,C07AA06
4834,CHEMBL499,S01ED01
4836,CHEMBL499,S01ED51
4838,CHEMBL1201199,L02AE02
4839,CHEMBL1201195,J01DC09
4841,CHEMBL1201187,J05AX09
4842,CHEMBL1201185,H01CB03
4843,CHEMBL594,S01GX06
4845,CHEMBL606,A02BB01
4846,CHEMBL606,G02AD06
4849,CHEMBL1201251,C01CA22
4850,CHEMBL1201255,L02AE05
4852,CHEMBL558,C01BB02
4854,CHEMBL1201264,A03AB07
4855,CHEMBL1201764,G04BD11
4857,CHEMBL5,J01MB02
4859,CHEMBL1201746,L01BA05
4861,CHEMBL508102,H03BB01
4863,CHEMBL1201341,S01EB03
4864,CHEMBL1201338,S01FA04
4865,CHEMBL1201338,S01FA54
4867,CHEMBL1201336,N03AB05
4869,CHEMBL1201335,D11AA01
4871,CHEMBL1201329,C02BA01
4872,CHEMBL526,N01AX10
4874,CHEMBL1201291,V08AB03
4876,CHEMBL544,D11AX06
4878,CHEMBL546,C07AA02
4880,CHEMBL549,N06AB04
4882,CHEMBL550,N07AX01
4883,CHEMBL550,S01EB01
4886,CHEMBL550,S01EB51
4887,CHEMBL1089221,M02AA11
4888,CHEMBL1089221,S01BC07
