,mean_fit_time,std_fit_time,mean_score_time,std_score_time,param_scale_pos_weight,param_n_estimators,param_min_child_weight,param_max_depth,param_learning_rate,param_gamma,param_colsample_bytree,params,split0_test_score,split1_test_score,split2_test_score,split3_test_score,split4_test_score,mean_test_score,std_test_score,rank_test_score
0,1919.8218932628631,541.1390227316163,1.9749268531799316,0.21519200360749047,5,200,7,15,0.05,0.0,0.5,"{'scale_pos_weight': 5, 'n_estimators': 200, 'min_child_weight': 7, 'max_depth': 15, 'learning_rate': 0.05, 'gamma': 0.0, 'colsample_bytree': 0.5}",0.3502926813829985,0.3452758777075833,0.3623518958978986,0.38740987271950866,0.3733602456481257,0.36373811467122297,0.015339445923047186,1
1,379.3774230480194,110.66659100124107,2.1458761215209963,0.7497302434421499,20,200,1,3,0.25,0.3,0.5,"{'scale_pos_weight': 20, 'n_estimators': 200, 'min_child_weight': 1, 'max_depth': 3, 'learning_rate': 0.25, 'gamma': 0.3, 'colsample_bytree': 0.5}",0.2905159169926428,0.30276191853897705,0.36127369226317513,0.336273521806691,0.3094523740898929,0.3200554847382758,0.025479579305115612,100
2,434.1443143844605,42.59027528356331,2.2987339973449705,0.8534559542437304,10,100,7,15,0.1,0.4,0.3,"{'scale_pos_weight': 10, 'n_estimators': 100, 'min_child_weight': 7, 'max_depth': 15, 'learning_rate': 0.1, 'gamma': 0.4, 'colsample_bytree': 0.3}",0.3443103246067284,0.3362078523456071,0.3643150362564782,0.3809725404649724,0.369483795825729,0.35905790989990305,0.016469389241164367,3
3,524.3879695892334,143.60194900122346,1.4052802562713622,0.2737157267832874,20,300,7,3,0.25,0.3,0.5,"{'scale_pos_weight': 20, 'n_estimators': 300, 'min_child_weight': 7, 'max_depth': 3, 'learning_rate': 0.25, 'gamma': 0.3, 'colsample_bytree': 0.5}",0.2944038652613403,0.3023482385486717,0.3459425392390406,0.33317625218874886,0.3313267093835063,0.3214395209242616,0.019653544223912214,99
4,1976.0742161750793,473.13107677584236,1.4015162467956543,0.2973319631699339,15,400,1,8,0.25,0.0,0.5,"{'scale_pos_weight': 15, 'n_estimators': 400, 'min_child_weight': 1, 'max_depth': 8, 'learning_rate': 0.25, 'gamma': 0.0, 'colsample_bytree': 0.5}",0.3159111124212646,0.3283060834742957,0.34685261512268406,0.3696629746750574,0.3498153120446912,0.34210961954759855,0.018536237301245567,44
5,591.8730584621429,146.87675412623352,1.5050452709198,0.2704671397152026,15,400,7,4,0.3,0.0,0.3,"{'scale_pos_weight': 15, 'n_estimators': 400, 'min_child_weight': 7, 'max_depth': 4, 'learning_rate': 0.3, 'gamma': 0.0, 'colsample_bytree': 0.3}",0.3015729814094342,0.31059495145148663,0.34089569089224575,0.3460640654393826,0.3502936204850862,0.32988426193552706,0.019865475727872912,85
6,1645.367839050293,170.18022974171308,1.8760239124298095,1.006206945910917,20,500,5,5,0.05,0.4,0.7,"{'scale_pos_weight': 20, 'n_estimators': 500, 'min_child_weight': 5, 'max_depth': 5, 'learning_rate': 0.05, 'gamma': 0.4, 'colsample_bytree': 0.7}",0.3255600681287666,0.32077548247915466,0.3395256454143767,0.3700831674709556,0.34281571831560986,0.33975201636177266,0.01726810049728883,52
7,646.0388696193695,151.59805962438884,1.442025327682495,0.795227187994848,10,200,3,4,0.3,0.2,0.7,"{'scale_pos_weight': 10, 'n_estimators': 200, 'min_child_weight': 3, 'max_depth': 4, 'learning_rate': 0.3, 'gamma': 0.2, 'colsample_bytree': 0.7}",0.2975696980490994,0.31065183957029374,0.35187686877850366,0.3593985175506335,0.32575092477716155,0.3290495697451384,0.023590184697325167,88
8,748.1989043235778,264.2529301024166,1.7676485538482667,0.5956804118868192,10,100,3,10,0.2,0.2,0.7,"{'scale_pos_weight': 10, 'n_estimators': 100, 'min_child_weight': 3, 'max_depth': 10, 'learning_rate': 0.2, 'gamma': 0.2, 'colsample_bytree': 0.7}",0.31495377970259014,0.32508435388474943,0.33733201583110806,0.3553586078273772,0.3465647016408976,0.33585869177734445,0.01449232736865434,68
9,590.887920999527,57.78598929725181,1.2412516593933105,0.5763222901240983,35,400,5,5,0.25,0.3,0.3,"{'scale_pos_weight': 35, 'n_estimators': 400, 'min_child_weight': 5, 'max_depth': 5, 'learning_rate': 0.25, 'gamma': 0.3, 'colsample_bytree': 0.3}",0.3194111893656727,0.3290562249524279,0.32848438994296125,0.3447680360382689,0.3525058398446651,0.33484513602879923,0.012021162137568434,73
10,302.21027002334597,88.15133839782376,1.522360134124756,0.6777136112113903,15,100,1,6,0.15,0.1,0.4,"{'scale_pos_weight': 15, 'n_estimators': 100, 'min_child_weight': 1, 'max_depth': 6, 'learning_rate': 0.15, 'gamma': 0.1, 'colsample_bytree': 0.4}",0.308504516225553,0.3301603751707206,0.3430454077452235,0.36630116162731263,0.3355846664080004,0.33671922543536204,0.01873759369960229,64
11,1275.819325876236,208.56978625573333,1.4576066493988038,0.7259673980226297,35,500,1,5,0.05,0.3,0.5,"{'scale_pos_weight': 35, 'n_estimators': 500, 'min_child_weight': 1, 'max_depth': 5, 'learning_rate': 0.05, 'gamma': 0.3, 'colsample_bytree': 0.5}",0.3143617754051984,0.3096749714629724,0.3393832603683183,0.3603770873132023,0.3375406636060694,0.3322675516311522,0.01843706331226428,78
12,930.7430145740509,61.65922144337326,1.4931771278381347,0.25005657290736016,5,200,5,15,0.2,0.2,0.4,"{'scale_pos_weight': 5, 'n_estimators': 200, 'min_child_weight': 5, 'max_depth': 15, 'learning_rate': 0.2, 'gamma': 0.2, 'colsample_bytree': 0.4}",0.34394756710494373,0.3489301073770476,0.3560355808328145,0.3837336723744684,0.3594562106937458,0.35842062767660404,0.013762634706885045,4
13,1251.1589086055756,66.6877966950233,1.544537401199341,0.5124288340267817,35,200,7,12,0.25,0.2,0.7,"{'scale_pos_weight': 35, 'n_estimators': 200, 'min_child_weight': 7, 'max_depth': 12, 'learning_rate': 0.25, 'gamma': 0.2, 'colsample_bytree': 0.7}",0.3404967030162155,0.32214551442502015,0.35485746237520754,0.36223374944945874,0.35708758248137584,0.34736420234945553,0.01452543469700432,25
14,443.1507433891296,79.47758304125149,1.1450582981109618,0.45307757352080935,20,200,3,6,0.15,0.3,0.3,"{'scale_pos_weight': 20, 'n_estimators': 200, 'min_child_weight': 3, 'max_depth': 6, 'learning_rate': 0.15, 'gamma': 0.3, 'colsample_bytree': 0.3}",0.30901473366167564,0.3269549067586175,0.32559076574184226,0.3648711852919164,0.3462156522332898,0.3345294487374683,0.01921178156533034,76
15,694.7083142280578,187.645109076898,1.600136661529541,0.4706162869499058,10,400,5,5,0.2,0.1,0.3,"{'scale_pos_weight': 10, 'n_estimators': 400, 'min_child_weight': 5, 'max_depth': 5, 'learning_rate': 0.2, 'gamma': 0.1, 'colsample_bytree': 0.3}",0.3125524246344189,0.3117040265949578,0.3509932279356786,0.36190119394906445,0.3564295641807136,0.33871608745896664,0.02198287189305122,55
16,285.8414355754852,41.142915823321246,1.137136697769165,0.28316847114262983,35,100,1,8,0.1,0.0,0.3,"{'scale_pos_weight': 35, 'n_estimators': 100, 'min_child_weight': 1, 'max_depth': 8, 'learning_rate': 0.1, 'gamma': 0.0, 'colsample_bytree': 0.3}",0.30690722215295063,0.31210682449744,0.32966734145001975,0.3586774059579522,0.3203763731006089,0.3255470334317943,0.018272471266129013,97
17,1428.4769459247589,81.02891068801694,1.3327339172363282,0.6656569671034113,20,300,5,8,0.25,0.4,0.7,"{'scale_pos_weight': 20, 'n_estimators': 300, 'min_child_weight': 5, 'max_depth': 8, 'learning_rate': 0.25, 'gamma': 0.4, 'colsample_bytree': 0.7}",0.3244744479250117,0.3267343744330978,0.35081310809504135,0.3419944352349622,0.3641687046006802,0.34163701405775865,0.014890586787929977,47
18,582.4243170261383,232.35509526538198,1.6816404342651368,0.26203684911584435,5,400,1,4,0.05,0.4,0.3,"{'scale_pos_weight': 5, 'n_estimators': 400, 'min_child_weight': 1, 'max_depth': 4, 'learning_rate': 0.05, 'gamma': 0.4, 'colsample_bytree': 0.3}",0.3199209732654509,0.3274574953162275,0.35729614985699276,0.37306090100106837,0.3502164170940193,0.34559038730675173,0.019497562618279764,33
19,2670.5650297641755,174.87461617394916,1.460780096054077,0.49099269923477296,15,300,1,15,0.25,0.4,0.7,"{'scale_pos_weight': 15, 'n_estimators': 300, 'min_child_weight': 1, 'max_depth': 15, 'learning_rate': 0.25, 'gamma': 0.4, 'colsample_bytree': 0.7}",0.3399437658652026,0.3248532065047514,0.34048318646400877,0.36128352929614105,0.344673182545962,0.34224737413521317,0.011655348870918238,43
20,536.70606508255,154.00986022572292,1.8711298942565917,0.4344567412765311,10,200,5,6,0.3,0.3,0.4,"{'scale_pos_weight': 10, 'n_estimators': 200, 'min_child_weight': 5, 'max_depth': 6, 'learning_rate': 0.3, 'gamma': 0.3, 'colsample_bytree': 0.4}",0.2995216092185352,0.3148932497110644,0.3464016208604024,0.3564965834364727,0.35663545421399206,0.33478970348809334,0.0233365354465511,74
21,2559.054025888443,308.36093838356925,2.065002918243408,0.5710121912981103,35,400,3,10,0.2,0.3,0.7,"{'scale_pos_weight': 35, 'n_estimators': 400, 'min_child_weight': 3, 'max_depth': 10, 'learning_rate': 0.2, 'gamma': 0.3, 'colsample_bytree': 0.7}",0.3301792283532047,0.33912280457062505,0.357643083523241,0.3716454423198967,0.3529112772603619,0.35030036720546587,0.014464734363592977,16
22,728.8549385547637,129.40042544452632,1.4324400901794434,0.41258732519694846,5,200,3,5,0.25,0.0,0.7,"{'scale_pos_weight': 5, 'n_estimators': 200, 'min_child_weight': 3, 'max_depth': 5, 'learning_rate': 0.25, 'gamma': 0.0, 'colsample_bytree': 0.7}",0.3165352675055355,0.3260419112111513,0.33801014079682556,0.36130500757413175,0.3510170308753851,0.33858187159260583,0.01621483474763976,56
23,1602.7073563575746,65.31989493445613,1.1651126861572265,0.5221263314062904,5,500,7,8,0.05,0.2,0.4,"{'scale_pos_weight': 5, 'n_estimators': 500, 'min_child_weight': 7, 'max_depth': 8, 'learning_rate': 0.05, 'gamma': 0.2, 'colsample_bytree': 0.4}",0.33428065715004274,0.3396305487919244,0.3541359534972901,0.3910222292287334,0.3652645855522263,0.3568667948440434,0.02025732398490971,7
24,1731.2328271389008,65.2466906180823,1.3673734664916992,0.8589636594844666,20,400,7,10,0.15,0.2,0.5,"{'scale_pos_weight': 20, 'n_estimators': 400, 'min_child_weight': 7, 'max_depth': 10, 'learning_rate': 0.15, 'gamma': 0.2, 'colsample_bytree': 0.5}",0.3374827577030839,0.34068007875133666,0.36169680602921156,0.3728386029506747,0.35995441664484273,0.35453053241582994,0.013404634524739974,10
25,2360.7869287967683,82.6162781907559,1.5924534320831298,0.7323408343221631,20,500,7,15,0.2,0.3,0.5,"{'scale_pos_weight': 20, 'n_estimators': 500, 'min_child_weight': 7, 'max_depth': 15, 'learning_rate': 0.2, 'gamma': 0.3, 'colsample_bytree': 0.5}",0.3417278631058574,0.3363725573646112,0.3530480946857182,0.3611462880012073,0.35907598981656325,0.35027415859479144,0.009691891822240678,17
26,813.7325681209564,19.20722425822345,1.8757089138031007,0.549426230734563,10,200,7,8,0.2,0.1,0.5,"{'scale_pos_weight': 10, 'n_estimators': 200, 'min_child_weight': 7, 'max_depth': 8, 'learning_rate': 0.2, 'gamma': 0.1, 'colsample_bytree': 0.5}",0.32892152406879893,0.3278908400896455,0.3472905935655261,0.384816681892763,0.3553803545219977,0.3488599988277462,0.020857178726719265,22
27,2490.0436218738555,120.51821793171773,1.5197265625,0.29544351286343085,5,500,3,8,0.1,0.0,0.7,"{'scale_pos_weight': 5, 'n_estimators': 500, 'min_child_weight': 3, 'max_depth': 8, 'learning_rate': 0.1, 'gamma': 0.0, 'colsample_bytree': 0.7}",0.3296159641307102,0.337077682747653,0.3491902392480697,0.3730940376032474,0.3709354721751944,0.3519826791809749,0.017522125432214843,13
28,1598.1983420848846,110.08386669914876,1.7616507530212402,0.8009443833826787,5,500,7,5,0.05,0.4,0.7,"{'scale_pos_weight': 5, 'n_estimators': 500, 'min_child_weight': 7, 'max_depth': 5, 'learning_rate': 0.05, 'gamma': 0.4, 'colsample_bytree': 0.7}",0.3108882837265789,0.33193552297249285,0.3572054490459522,0.381218127572882,0.36518710426827156,0.3492868975172355,0.024942522829662608,19
29,1182.3304834842681,213.68536699859325,1.0217050552368163,0.19196246524271202,20,400,1,8,0.3,0.4,0.3,"{'scale_pos_weight': 20, 'n_estimators': 400, 'min_child_weight': 1, 'max_depth': 8, 'learning_rate': 0.3, 'gamma': 0.4, 'colsample_bytree': 0.3}",0.3097082837520089,0.3270517162625982,0.3342146747932539,0.3631605684553769,0.3498691297842822,0.33680087460950403,0.01844644003755473,63
30,164.11048612594604,13.42100117898486,1.3453685760498046,0.3694819563792963,5,100,3,3,0.05,0.2,0.5,"{'scale_pos_weight': 5, 'n_estimators': 100, 'min_child_weight': 3, 'max_depth': 3, 'learning_rate': 0.05, 'gamma': 0.2, 'colsample_bytree': 0.5}",0.3268504064139686,0.33845228778779013,0.3307041087727053,0.3844072154113022,0.3325751756619591,0.3425978388095451,0.021237258688041553,41
31,799.3987493038178,28.901881503828935,1.4459561824798584,0.4090519696976751,20,200,7,6,0.25,0.0,0.7,"{'scale_pos_weight': 20, 'n_estimators': 200, 'min_child_weight': 7, 'max_depth': 6, 'learning_rate': 0.25, 'gamma': 0.0, 'colsample_bytree': 0.7}",0.32189029406038805,0.32976097498615403,0.3358310613717686,0.3602037309340316,0.36606260175631367,0.34274973262173114,0.017319491552855844,40
32,1222.681153011322,108.92261871720986,1.538226318359375,0.38018268854174475,10,300,3,10,0.15,0.3,0.4,"{'scale_pos_weight': 10, 'n_estimators': 300, 'min_child_weight': 3, 'max_depth': 10, 'learning_rate': 0.15, 'gamma': 0.3, 'colsample_bytree': 0.4}",0.3360626983154568,0.3431663821635011,0.34846536186749144,0.36511951748629,0.37165982026746985,0.35289475602004183,0.013410081179012455,11
33,1307.7942028045654,128.82779528739562,1.6566454410552978,0.892648569565944,35,500,3,6,0.1,0.0,0.4,"{'scale_pos_weight': 35, 'n_estimators': 500, 'min_child_weight': 3, 'max_depth': 6, 'learning_rate': 0.1, 'gamma': 0.0, 'colsample_bytree': 0.4}",0.3168868326020778,0.32169220218860484,0.3438695528992879,0.36443119671531676,0.3585995915479873,0.34109587519065493,0.019085024883581832,49
34,731.9284725189209,32.2593000400686,1.3804481029510498,0.378602306177364,15,400,3,6,0.3,0.3,0.3,"{'scale_pos_weight': 15, 'n_estimators': 400, 'min_child_weight': 3, 'max_depth': 6, 'learning_rate': 0.3, 'gamma': 0.3, 'colsample_bytree': 0.3}",0.3181330467022279,0.3199092856560894,0.3443544069499832,0.35794285582343743,0.35625695926819045,0.3393193108799856,0.017231827648971885,53
35,987.0525068759919,31.768333422816255,1.7799493312835692,0.5481193793456296,15,100,3,15,0.1,0.2,0.7,"{'scale_pos_weight': 15, 'n_estimators': 100, 'min_child_weight': 3, 'max_depth': 15, 'learning_rate': 0.1, 'gamma': 0.2, 'colsample_bytree': 0.7}",0.33673024377539534,0.32648359536300053,0.35247180446822046,0.3736018496715672,0.3661988698130725,0.3510972726182512,0.017599137420833702,14
36,389.9943473815918,8.78978848940042,1.4790146350860596,0.4815632774245703,35,100,7,12,0.15,0.4,0.3,"{'scale_pos_weight': 35, 'n_estimators': 100, 'min_child_weight': 7, 'max_depth': 12, 'learning_rate': 0.15, 'gamma': 0.4, 'colsample_bytree': 0.3}",0.3195179678623571,0.32522465202556106,0.3385853798377363,0.35756942864193075,0.3550749163730697,0.339194468948131,0.015313518364752058,54
37,1171.4662730693817,70.15003517261408,1.2484006404876709,0.32359447435497546,15,300,1,15,0.3,0.3,0.3,"{'scale_pos_weight': 15, 'n_estimators': 300, 'min_child_weight': 1, 'max_depth': 15, 'learning_rate': 0.3, 'gamma': 0.3, 'colsample_bytree': 0.3}",0.3374753532072031,0.3267431189602992,0.3422107633896623,0.3798002959227113,0.34035951122577524,0.34531780854113026,0.01805438216362161,34
38,223.2491039276123,31.829813939306195,1.3479934215545655,0.468305102584946,10,200,5,3,0.3,0.1,0.4,"{'scale_pos_weight': 10, 'n_estimators': 200, 'min_child_weight': 5, 'max_depth': 3, 'learning_rate': 0.3, 'gamma': 0.1, 'colsample_bytree': 0.4}",0.3073341248523831,0.30430475874134233,0.336900647843166,0.349620112554515,0.3424995422909245,0.3281318372564662,0.018683380176810507,91
39,1571.3479816436768,100.74032695168673,1.2577150344848633,0.5212060232585833,10,500,5,8,0.3,0.4,0.4,"{'scale_pos_weight': 10, 'n_estimators': 500, 'min_child_weight': 5, 'max_depth': 8, 'learning_rate': 0.3, 'gamma': 0.4, 'colsample_bytree': 0.4}",0.3175836442199466,0.3307633642062561,0.35834980347402123,0.3703808782351031,0.36573772230328,0.3485630824877214,0.020704202172596345,23
40,1823.749233007431,91.21375248586801,1.4149899005889892,0.3992517011520558,5,300,1,10,0.2,0.0,0.7,"{'scale_pos_weight': 5, 'n_estimators': 300, 'min_child_weight': 1, 'max_depth': 10, 'learning_rate': 0.2, 'gamma': 0.0, 'colsample_bytree': 0.7}",0.33600930320744044,0.3390397105955546,0.34956910385992956,0.36028133716824784,0.36663236595150234,0.35030636415653493,0.011814613054890153,15
41,1811.2714432239532,22.744271283873164,1.3497920513153077,0.4105727138092259,15,200,1,15,0.2,0.3,0.7,"{'scale_pos_weight': 15, 'n_estimators': 200, 'min_child_weight': 1, 'max_depth': 15, 'learning_rate': 0.2, 'gamma': 0.3, 'colsample_bytree': 0.7}",0.3373203704848904,0.3346863102097524,0.35371417218451295,0.3667071613867852,0.3524461786363391,0.34897483858045597,0.011738274374821394,21
42,1402.1081711292268,19.788560202272002,1.9485584259033204,0.3178484226035315,20,400,3,8,0.3,0.1,0.5,"{'scale_pos_weight': 20, 'n_estimators': 400, 'min_child_weight': 3, 'max_depth': 8, 'learning_rate': 0.3, 'gamma': 0.1, 'colsample_bytree': 0.5}",0.32310423126751087,0.3394277651367379,0.34720167489332254,0.35950238044621025,0.3430766829449634,0.342462546937749,0.011808020231851485,42
43,188.03534116744996,10.789266547416888,1.3984019756317139,0.5976725761465608,5,100,1,3,0.2,0.1,0.7,"{'scale_pos_weight': 5, 'n_estimators': 100, 'min_child_weight': 1, 'max_depth': 3, 'learning_rate': 0.2, 'gamma': 0.1, 'colsample_bytree': 0.7}",0.3172092476492284,0.3137837261367147,0.3468934848422302,0.35493628331234894,0.346230558620479,0.33581066011220023,0.01690201832735643,69
44,453.37301406860354,39.844893286192516,1.3579843521118165,0.49636072293825806,15,500,3,3,0.2,0.0,0.3,"{'scale_pos_weight': 15, 'n_estimators': 500, 'min_child_weight': 3, 'max_depth': 3, 'learning_rate': 0.2, 'gamma': 0.0, 'colsample_bytree': 0.3}",0.31295373513612773,0.2965545288773736,0.3419034459141891,0.35848426754772333,0.33501762624210707,0.32898272074350415,0.02182760863889139,89
45,634.3001816749572,45.97898750939574,1.1436999320983887,0.4852558246036913,5,200,1,5,0.15,0.0,0.7,"{'scale_pos_weight': 5, 'n_estimators': 200, 'min_child_weight': 1, 'max_depth': 5, 'learning_rate': 0.15, 'gamma': 0.0, 'colsample_bytree': 0.7}",0.3081218008829031,0.33029708751640013,0.35356603230349226,0.367328260605282,0.3632454239065922,0.3445117210429339,0.022270198690331366,36
46,771.7143971443177,39.12744973155727,1.2735031127929688,0.44566044667621557,35,300,3,4,0.1,0.3,0.7,"{'scale_pos_weight': 35, 'n_estimators': 300, 'min_child_weight': 3, 'max_depth': 4, 'learning_rate': 0.1, 'gamma': 0.3, 'colsample_bytree': 0.7}",0.3146317980166754,0.319664494813523,0.3448392908826896,0.3520789601471346,0.3260784490300462,0.33145859857801374,0.014528801379954331,81
47,738.9045644283294,76.63092398519493,1.2370511531829833,0.33014599088595675,20,200,5,12,0.15,0.0,0.3,"{'scale_pos_weight': 20, 'n_estimators': 200, 'min_child_weight': 5, 'max_depth': 12, 'learning_rate': 0.15, 'gamma': 0.0, 'colsample_bytree': 0.3}",0.33681960087506174,0.3401365441231677,0.34536786928898916,0.3625445168885363,0.3656437051612173,0.3501024472673945,0.01178562900973611,18
48,109.54762983322144,15.493830022859951,1.3544429302215577,0.890168977014255,35,100,7,3,0.25,0.3,0.4,"{'scale_pos_weight': 35, 'n_estimators': 100, 'min_child_weight': 7, 'max_depth': 3, 'learning_rate': 0.25, 'gamma': 0.3, 'colsample_bytree': 0.4}",0.31421264482099037,0.3065088176065742,0.3439275681573653,0.34657273506458414,0.31708756416165174,0.3256618659622331,0.016385010837467615,95
49,1456.0484473228455,43.29179075486774,1.4763223648071289,0.6442772090575591,20,300,7,12,0.05,0.3,0.4,"{'scale_pos_weight': 20, 'n_estimators': 300, 'min_child_weight': 7, 'max_depth': 12, 'learning_rate': 0.05, 'gamma': 0.3, 'colsample_bytree': 0.4}",0.3389845333477537,0.33628112182309555,0.3547709680222806,0.37196269117225,0.3717143629463465,0.3547427354623453,0.015321331033780828,9
50,1568.2171181678773,41.18775697462858,1.229898166656494,0.3531378566999813,15,400,1,6,0.25,0.2,0.7,"{'scale_pos_weight': 15, 'n_estimators': 400, 'min_child_weight': 1, 'max_depth': 6, 'learning_rate': 0.25, 'gamma': 0.2, 'colsample_bytree': 0.7}",0.30950267285808786,0.34134509175649225,0.34341342186921997,0.3804776267119362,0.3710950666504178,0.34916677596923085,0.025014956363607357,20
51,189.87310519218445,21.702531835883256,1.15267333984375,0.25372506662498495,5,200,5,3,0.25,0.2,0.3,"{'scale_pos_weight': 5, 'n_estimators': 200, 'min_child_weight': 5, 'max_depth': 3, 'learning_rate': 0.25, 'gamma': 0.2, 'colsample_bytree': 0.3}",0.3024353968073006,0.3145676641080164,0.3559856215091286,0.36189289424935966,0.34059689218380207,0.3350956937715215,0.02312071459951019,71
52,1961.2934037208556,79.82398854341128,1.360802412033081,0.21376677225430135,20,400,1,8,0.3,0.0,0.7,"{'scale_pos_weight': 20, 'n_estimators': 400, 'min_child_weight': 1, 'max_depth': 8, 'learning_rate': 0.3, 'gamma': 0.0, 'colsample_bytree': 0.7}",0.32064598948908124,0.33050461178941604,0.3501755311479974,0.3712917074726661,0.36102623329344397,0.34672881463852095,0.018778553006755794,26
53,976.3232330322265,59.407001438095364,1.2917276859283446,0.2728437450103673,15,400,3,4,0.25,0.3,0.7,"{'scale_pos_weight': 15, 'n_estimators': 400, 'min_child_weight': 3, 'max_depth': 4, 'learning_rate': 0.25, 'gamma': 0.3, 'colsample_bytree': 0.7}",0.3041545558091772,0.30151080944254477,0.3391427220428827,0.35112905470727723,0.34708329186597087,0.32860408677357056,0.02140907880090034,90
54,1468.7127005100251,70.52032140150096,1.355408525466919,0.28623585399964907,10,500,1,6,0.2,0.2,0.5,"{'scale_pos_weight': 10, 'n_estimators': 500, 'min_child_weight': 1, 'max_depth': 6, 'learning_rate': 0.2, 'gamma': 0.2, 'colsample_bytree': 0.5}",0.31225834643738914,0.3327122091309963,0.3552063343273836,0.35573539648241675,0.351755687643009,0.34153359480423895,0.0168996045581861,48
55,790.7689020156861,58.962200260573994,1.3195542812347412,0.3904355886989519,5,500,7,4,0.25,0.2,0.4,"{'scale_pos_weight': 5, 'n_estimators': 500, 'min_child_weight': 7, 'max_depth': 4, 'learning_rate': 0.25, 'gamma': 0.2, 'colsample_bytree': 0.4}",0.30637700661919093,0.3114399235429066,0.33292322067994135,0.3404105050813319,0.35623877879379606,0.32947788694343333,0.01847461280744769,87
56,127.51321501731873,17.369441310974103,1.0008541107177735,0.3605668357976902,5,100,1,3,0.05,0.2,0.4,"{'scale_pos_weight': 5, 'n_estimators': 100, 'min_child_weight': 1, 'max_depth': 3, 'learning_rate': 0.05, 'gamma': 0.2, 'colsample_bytree': 0.4}",0.3217319943299272,0.33262946732183796,0.3342731082192457,0.3858346963085407,0.33068211362191047,0.34103027596029245,0.022817436850222673,50
57,1000.4143803596496,60.32616562835628,1.596593189239502,0.8463398767808148,15,500,7,6,0.05,0.3,0.3,"{'scale_pos_weight': 15, 'n_estimators': 500, 'min_child_weight': 7, 'max_depth': 6, 'learning_rate': 0.05, 'gamma': 0.3, 'colsample_bytree': 0.3}",0.3217508491156843,0.3258243243420562,0.3599404655124945,0.36730087201239087,0.3561018054830528,0.34618366329313577,0.018681652748348404,30
58,325.81835412979126,37.026318404468,1.384342622756958,0.2689477509810468,10,200,3,5,0.3,0.0,0.3,"{'scale_pos_weight': 10, 'n_estimators': 200, 'min_child_weight': 3, 'max_depth': 5, 'learning_rate': 0.3, 'gamma': 0.0, 'colsample_bytree': 0.3}",0.32390286901963833,0.3197015989874477,0.3274981113227641,0.35262429945801144,0.3344821892971,0.3316418136169923,0.01155822394363782,79
59,398.85550556182864,29.436104400678033,1.657146120071411,0.6225535888844982,20,100,3,12,0.2,0.2,0.3,"{'scale_pos_weight': 20, 'n_estimators': 100, 'min_child_weight': 3, 'max_depth': 12, 'learning_rate': 0.2, 'gamma': 0.2, 'colsample_bytree': 0.3}",0.32013150208691776,0.323135396861404,0.3358713725187646,0.3600144562226788,0.35106722269400525,0.3380439900767541,0.015492899116513704,57
60,467.27598958015443,41.863596764314565,1.5472428321838378,0.5097518927935509,10,100,1,15,0.2,0.0,0.3,"{'scale_pos_weight': 10, 'n_estimators': 100, 'min_child_weight': 1, 'max_depth': 15, 'learning_rate': 0.2, 'gamma': 0.0, 'colsample_bytree': 0.3}",0.335514986551967,0.3323616866931378,0.3438157110222206,0.3648766931661428,0.34985201451539905,0.3452842183897734,0.011569927046856178,35
61,654.6663841724396,46.03408388214894,1.5770321846008302,0.5769969450183638,20,200,7,12,0.3,0.3,0.3,"{'scale_pos_weight': 20, 'n_estimators': 200, 'min_child_weight': 7, 'max_depth': 12, 'learning_rate': 0.3, 'gamma': 0.3, 'colsample_bytree': 0.3}",0.32793726198570516,0.3314310355595375,0.3558414100484901,0.3685386709616217,0.34871475813089337,0.34649262733724956,0.015162577440141942,28
62,539.9054903507233,44.82070237346392,1.4963300228118896,0.37353641293971973,15,300,1,4,0.1,0.2,0.5,"{'scale_pos_weight': 15, 'n_estimators': 300, 'min_child_weight': 1, 'max_depth': 4, 'learning_rate': 0.1, 'gamma': 0.2, 'colsample_bytree': 0.5}",0.31112749986080646,0.31489101867596647,0.35080637210028864,0.3567285378601879,0.34277561713542315,0.33526580912653453,0.018742172225643786,70
63,745.0531076908112,57.05391369855392,1.4383305549621581,0.6396065587089576,10,400,7,4,0.1,0.4,0.5,"{'scale_pos_weight': 10, 'n_estimators': 400, 'min_child_weight': 7, 'max_depth': 4, 'learning_rate': 0.1, 'gamma': 0.4, 'colsample_bytree': 0.5}",0.31791502417174466,0.31815545706196846,0.3536093110487033,0.3696825364094418,0.3506319942674433,0.3419988645918603,0.020611931167381213,46
64,586.3230037212372,38.60016369684082,1.5332244396209718,0.7888704478019302,5,400,5,4,0.15,0.2,0.4,"{'scale_pos_weight': 5, 'n_estimators': 400, 'min_child_weight': 5, 'max_depth': 4, 'learning_rate': 0.15, 'gamma': 0.2, 'colsample_bytree': 0.4}",0.3082762981883811,0.3083075409838907,0.3499845208842441,0.3640641782422516,0.3426437460521684,0.33465525687018716,0.022599728071164896,75
65,1278.0497298717498,81.71312218354424,1.4432988166809082,0.49239828885187387,20,300,5,12,0.2,0.4,0.4,"{'scale_pos_weight': 20, 'n_estimators': 300, 'min_child_weight': 5, 'max_depth': 12, 'learning_rate': 0.2, 'gamma': 0.4, 'colsample_bytree': 0.4}",0.33426040245221283,0.3381989274622915,0.3608053894814509,0.3801360337924061,0.3716383110502849,0.35700781284772926,0.018080965235043975,6
66,911.4500165939331,67.09483234634311,1.3869973182678224,0.43493487938023423,20,300,5,6,0.05,0.3,0.5,"{'scale_pos_weight': 20, 'n_estimators': 300, 'min_child_weight': 5, 'max_depth': 6, 'learning_rate': 0.05, 'gamma': 0.3, 'colsample_bytree': 0.5}",0.33798829568955907,0.31811441792205963,0.3569887348892271,0.36260222949375004,0.34234535268793176,0.34360780613650554,0.01563920012011645,39
67,361.1028151035309,20.29208582314578,1.0338058948516846,0.30084684772084247,10,200,7,3,0.3,0.3,0.7,"{'scale_pos_weight': 10, 'n_estimators': 200, 'min_child_weight': 7, 'max_depth': 3, 'learning_rate': 0.3, 'gamma': 0.3, 'colsample_bytree': 0.7}",0.29289616724016737,0.3111805103546515,0.34219638783339784,0.361572395586362,0.3435358812798627,0.3302762684588883,0.02473569928642022,83
68,2006.85474152565,70.4013191014498,0.8321321487426758,0.5243666938323627,10,500,5,12,0.15,0.3,0.5,"{'scale_pos_weight': 10, 'n_estimators': 500, 'min_child_weight': 5, 'max_depth': 12, 'learning_rate': 0.15, 'gamma': 0.3, 'colsample_bytree': 0.5}",0.3459998908188961,0.3432437966309404,0.36558504575415285,0.38029008033284517,0.3659154167210141,0.3602068460515697,0.01381616251319742,2
69,254.950687456131,18.509613229314,1.4009855270385743,0.3349876128874276,10,100,1,5,0.25,0.0,0.5,"{'scale_pos_weight': 10, 'n_estimators': 100, 'min_child_weight': 1, 'max_depth': 5, 'learning_rate': 0.25, 'gamma': 0.0, 'colsample_bytree': 0.5}",0.30547632289222953,0.30592216778587844,0.34075398997290696,0.3479492669428324,0.3319509886786034,0.32641054725449015,0.017654250076980398,93
70,343.6402639389038,32.275392404694955,1.0975062370300293,0.1994418241028302,5,200,5,4,0.3,0.1,0.5,"{'scale_pos_weight': 5, 'n_estimators': 200, 'min_child_weight': 5, 'max_depth': 4, 'learning_rate': 0.3, 'gamma': 0.1, 'colsample_bytree': 0.5}",0.30534785716867835,0.3103726959616233,0.3403023018240493,0.34184275355074345,0.33036575408119256,0.3256462725172574,0.015130806360575667,96
71,451.16682877540586,44.286188513892974,1.5962179183959961,0.44745831627835064,15,100,5,10,0.2,0.2,0.4,"{'scale_pos_weight': 15, 'n_estimators': 100, 'min_child_weight': 5, 'max_depth': 10, 'learning_rate': 0.2, 'gamma': 0.2, 'colsample_bytree': 0.4}",0.3115335282442028,0.33795428994607496,0.35910040276386,0.35640116709835173,0.3545973145962169,0.34391734052974127,0.017802822366519398,38
72,478.4251931667328,65.22882810010705,1.237933588027954,0.4479241627671001,15,400,5,3,0.1,0.2,0.4,"{'scale_pos_weight': 15, 'n_estimators': 400, 'min_child_weight': 5, 'max_depth': 3, 'learning_rate': 0.1, 'gamma': 0.2, 'colsample_bytree': 0.4}",0.31530721966338726,0.31583373777232343,0.3549491203925851,0.3653087157574162,0.33089007610302335,0.33645777393774706,0.02038628367623149,67
73,1206.181989812851,90.12516194160574,1.9375728130340577,0.6214581841711541,10,500,7,4,0.3,0.4,0.7,"{'scale_pos_weight': 10, 'n_estimators': 500, 'min_child_weight': 7, 'max_depth': 4, 'learning_rate': 0.3, 'gamma': 0.4, 'colsample_bytree': 0.7}",0.309184835211413,0.3214392364374617,0.3443548615189739,0.35289626998228185,0.35519371453009585,0.33661378353604526,0.01818170275191969,65
74,1561.9502660751343,20.776152113430854,1.2240003108978272,0.29469102386003226,15,500,1,5,0.1,0.2,0.7,"{'scale_pos_weight': 15, 'n_estimators': 500, 'min_child_weight': 1, 'max_depth': 5, 'learning_rate': 0.1, 'gamma': 0.2, 'colsample_bytree': 0.7}",0.3160703459607662,0.3198935536840847,0.3382019149084564,0.35190051860905047,0.362712085187081,0.33775568366988773,0.017957767197790325,60
75,504.78579845428465,57.094008646965584,1.0865478515625,0.2753467441191459,10,200,3,6,0.15,0.4,0.4,"{'scale_pos_weight': 10, 'n_estimators': 200, 'min_child_weight': 3, 'max_depth': 6, 'learning_rate': 0.15, 'gamma': 0.4, 'colsample_bytree': 0.4}",0.31211849382514867,0.3046834037164976,0.34154037372234247,0.3671082908521543,0.36290233096026325,0.33767057861528127,0.025531385732995973,61
76,724.0620744228363,32.88747783836997,1.2739628791809081,0.3247967259168127,20,100,1,10,0.1,0.0,0.7,"{'scale_pos_weight': 20, 'n_estimators': 100, 'min_child_weight': 1, 'max_depth': 10, 'learning_rate': 0.1, 'gamma': 0.0, 'colsample_bytree': 0.7}",0.3124512949362434,0.3081987767498492,0.335136722919232,0.3498376150535385,0.3423190743579526,0.3295886968033631,0.01645649427683746,86
77,513.1838905334473,67.19223797735282,1.4996933460235595,0.7171532218497815,5,100,3,10,0.1,0.0,0.5,"{'scale_pos_weight': 5, 'n_estimators': 100, 'min_child_weight': 3, 'max_depth': 10, 'learning_rate': 0.1, 'gamma': 0.0, 'colsample_bytree': 0.5}",0.3324288828530177,0.34401196178947446,0.3535585545559888,0.3767654061680329,0.3757505856046125,0.3565030781942252,0.017465930071146208,8
78,482.57830753326414,52.05138472000879,1.3914763450622558,0.2187521686725789,35,200,3,6,0.2,0.2,0.4,"{'scale_pos_weight': 35, 'n_estimators': 200, 'min_child_weight': 3, 'max_depth': 6, 'learning_rate': 0.2, 'gamma': 0.2, 'colsample_bytree': 0.4}",0.31494889764972345,0.32211349181321797,0.33383452270496383,0.3594209177730687,0.3593923709094189,0.3379420401700786,0.018534066567725393,59
79,797.4440458297729,57.012112879394024,1.6328145027160645,0.6847138078938759,10,400,5,5,0.1,0.3,0.4,"{'scale_pos_weight': 10, 'n_estimators': 400, 'min_child_weight': 5, 'max_depth': 5, 'learning_rate': 0.1, 'gamma': 0.3, 'colsample_bytree': 0.4}",0.3152312802994033,0.3255685218764534,0.350051765225468,0.3634911951172842,0.35610901999023825,0.3420903565017695,0.018505587492143146,45
80,593.7429359912873,53.211253412544266,1.3591005325317382,0.7894342995510659,20,300,3,5,0.25,0.1,0.4,"{'scale_pos_weight': 20, 'n_estimators': 300, 'min_child_weight': 3, 'max_depth': 5, 'learning_rate': 0.25, 'gamma': 0.1, 'colsample_bytree': 0.4}",0.30738425026559446,0.30971912160743903,0.34753300188220054,0.3389134174044142,0.35432293964794104,0.3315745461615178,0.01943631006283498,80
81,1258.510778093338,46.769815020714645,0.7793378829956055,0.23638705312713945,35,300,3,8,0.25,0.0,0.7,"{'scale_pos_weight': 35, 'n_estimators': 300, 'min_child_weight': 3, 'max_depth': 8, 'learning_rate': 0.25, 'gamma': 0.0, 'colsample_bytree': 0.7}",0.32142220211168293,0.3284160349858458,0.3568791109057037,0.3636056607117556,0.36280236808503086,0.3466250753600038,0.018010798400351167,27
82,331.9940011501312,48.80119074979085,1.2433368682861328,0.22158541699968898,10,200,3,4,0.05,0.0,0.4,"{'scale_pos_weight': 10, 'n_estimators': 200, 'min_child_weight': 3, 'max_depth': 4, 'learning_rate': 0.05, 'gamma': 0.0, 'colsample_bytree': 0.4}",0.3274509099556182,0.336223652832698,0.34007697348825555,0.3773624268299223,0.34008470048524764,0.34423973271834835,0.017192020410447515,37
83,596.8505625724792,77.21927638712731,1.6440139770507813,0.9298848082197192,35,300,1,5,0.3,0.4,0.4,"{'scale_pos_weight': 35, 'n_estimators': 300, 'min_child_weight': 1, 'max_depth': 5, 'learning_rate': 0.3, 'gamma': 0.4, 'colsample_bytree': 0.4}",0.32547083874941624,0.3166670272519493,0.3352697951172137,0.3416219782942805,0.3315853335979191,0.3301229946021557,0.00852713584083287,84
84,308.9981388568878,27.25426744243709,1.452531909942627,0.682987140218231,5,200,3,3,0.2,0.3,0.5,"{'scale_pos_weight': 5, 'n_estimators': 200, 'min_child_weight': 3, 'max_depth': 3, 'learning_rate': 0.2, 'gamma': 0.3, 'colsample_bytree': 0.5}",0.30220362343379326,0.3026838777757934,0.3548228893633135,0.3559216488076037,0.34059076843923397,0.33124456156394755,0.024130215521322645,82
85,1027.7157138824464,48.13518901464127,1.6908968448638917,0.7772894943803046,15,400,7,8,0.25,0.2,0.4,"{'scale_pos_weight': 15, 'n_estimators': 400, 'min_child_weight': 7, 'max_depth': 8, 'learning_rate': 0.25, 'gamma': 0.2, 'colsample_bytree': 0.4}",0.32337880573938904,0.33778466670974283,0.34320981228965025,0.3736962878833272,0.36437817819319374,0.3484895501630606,0.018225519331147938,24
86,967.0901590824127,46.801152648900405,0.5970073223114014,0.09365976913682535,35,400,3,6,0.15,0.4,0.5,"{'scale_pos_weight': 35, 'n_estimators': 400, 'min_child_weight': 3, 'max_depth': 6, 'learning_rate': 0.15, 'gamma': 0.4, 'colsample_bytree': 0.5}",0.30898959013149296,0.3197074576930655,0.34681332064342985,0.35582137852530676,0.3588578604730299,0.338037921493265,0.020032674766041886,58
87,563.8304347991943,42.41812665774286,2.0187589645385744,1.4032656829281045,10,500,3,3,0.15,0.3,0.4,"{'scale_pos_weight': 10, 'n_estimators': 500, 'min_child_weight': 3, 'max_depth': 3, 'learning_rate': 0.15, 'gamma': 0.3, 'colsample_bytree': 0.4}",0.2935970261696408,0.30441931243529885,0.3502380258475146,0.36189297763213873,0.35842756814147,0.3337149820452126,0.028793780456487835,77
88,193.86925134658813,40.62297531012858,1.5987118244171143,0.5303941931130899,35,100,3,5,0.2,0.2,0.4,"{'scale_pos_weight': 35, 'n_estimators': 100, 'min_child_weight': 3, 'max_depth': 5, 'learning_rate': 0.2, 'gamma': 0.2, 'colsample_bytree': 0.4}",0.2965964372079312,0.31937715748526607,0.32463833091673955,0.3623265850271393,0.32775590306818275,0.32613888274105174,0.021132407452888243,94
89,564.4374982357025,50.81502003302444,1.6749086380004883,0.3615584824914918,20,100,7,12,0.1,0.1,0.5,"{'scale_pos_weight': 20, 'n_estimators': 100, 'min_child_weight': 7, 'max_depth': 12, 'learning_rate': 0.1, 'gamma': 0.1, 'colsample_bytree': 0.5}",0.3305123356522148,0.32676048717164535,0.353026934321093,0.39143392017262163,0.36257581704129743,0.35286189887177444,0.0235073390198953,12
90,503.46128544807436,54.46092615817426,1.4426210880279542,0.3936132497013557,15,400,7,4,0.3,0.2,0.3,"{'scale_pos_weight': 15, 'n_estimators': 400, 'min_child_weight': 7, 'max_depth': 4, 'learning_rate': 0.3, 'gamma': 0.2, 'colsample_bytree': 0.3}",0.3026021482920985,0.31697187997020604,0.34836302963430416,0.3398685619655957,0.3327571886159818,0.32811256169563724,0.016399716672175976,92
91,578.2030159473419,58.0185110720193,1.132375431060791,0.46412958398341675,15,400,1,4,0.1,0.0,0.4,"{'scale_pos_weight': 15, 'n_estimators': 400, 'min_child_weight': 1, 'max_depth': 4, 'learning_rate': 0.1, 'gamma': 0.0, 'colsample_bytree': 0.4}",0.3059762423829823,0.3090129369958107,0.3526841322439275,0.3580822198234017,0.3491063747767975,0.33497238124458395,0.022637178933590043,72
92,359.41159710884097,10.09997833841617,1.0928928852081299,0.38879549166511734,35,200,3,3,0.15,0.0,0.7,"{'scale_pos_weight': 35, 'n_estimators': 200, 'min_child_weight': 3, 'max_depth': 3, 'learning_rate': 0.15, 'gamma': 0.0, 'colsample_bytree': 0.7}",0.31686630180690745,0.30079525658040396,0.34056408079456224,0.3486925484374941,0.3207001981411516,0.32552367715210384,0.017162291338714872,98
93,694.7106081008911,45.50335671128654,0.5728253841400146,0.20837280679338643,20,300,3,8,0.2,0.4,0.5,"{'scale_pos_weight': 20, 'n_estimators': 300, 'min_child_weight': 3, 'max_depth': 8, 'learning_rate': 0.2, 'gamma': 0.4, 'colsample_bytree': 0.5}",0.3198312227985205,0.3286256863615404,0.35503244336810136,0.3706014247541537,0.3564423394557752,0.34610662334761827,0.018881061508182397,31
94,619.8104668140411,40.520488867500006,0.2071998119354248,0.0968477910062717,35,400,3,12,0.3,0.1,0.4,"{'scale_pos_weight': 35, 'n_estimators': 400, 'min_child_weight': 3, 'max_depth': 12, 'learning_rate': 0.3, 'gamma': 0.1, 'colsample_bytree': 0.4}",0.32377292644704014,0.33012866877008673,0.34640964550847947,0.3631147890701222,0.3683541954664672,0.3463560450524391,0.01753911048287164,29
95,536.0038294315339,55.554528345853,0.07342967987060547,0.03462160106455176,15,500,5,15,0.1,0.0,0.5,"{'scale_pos_weight': 15, 'n_estimators': 500, 'min_child_weight': 5, 'max_depth': 15, 'learning_rate': 0.1, 'gamma': 0.0, 'colsample_bytree': 0.5}",0.34418242584319614,0.34781662380303296,0.3560236120289725,0.3783110041548492,0.36348614788061695,0.35796396274213355,0.012175063290893214,5
96,185.66380472183226,15.60843555679281,1.5432204723358154,0.7406931664097228,35,100,5,3,0.05,0.3,0.7,"{'scale_pos_weight': 35, 'n_estimators': 100, 'min_child_weight': 5, 'max_depth': 3, 'learning_rate': 0.05, 'gamma': 0.3, 'colsample_bytree': 0.7}",0.3131063907169607,0.3265293796190486,0.32577169661690086,0.37804535423474483,0.33899952564563013,0.33649046936665705,0.022333984652663726,66
97,381.93547735214236,21.77543290260295,0.26550941467285155,0.08681334932311298,35,500,7,8,0.3,0.3,0.3,"{'scale_pos_weight': 35, 'n_estimators': 500, 'min_child_weight': 7, 'max_depth': 8, 'learning_rate': 0.3, 'gamma': 0.3, 'colsample_bytree': 0.3}",0.31590189260411444,0.3364926391457713,0.34001857861291324,0.35410685086644145,0.35450887082105575,0.34020576641005923,0.014158528032128392,51
98,337.1790409088135,39.33370770166688,0.4443502426147461,0.23056400193719612,5,300,1,8,0.15,0.1,0.3,"{'scale_pos_weight': 5, 'n_estimators': 300, 'min_child_weight': 1, 'max_depth': 8, 'learning_rate': 0.15, 'gamma': 0.1, 'colsample_bytree': 0.3}",0.3300194662152953,0.3312283411482428,0.3384583780756227,0.35518219522984884,0.3735466332075975,0.34568700277532144,0.016571634201410095,32
99,294.87244114875796,23.969167731002326,0.2517731189727783,0.11949510393037611,35,300,1,6,0.05,0.1,0.7,"{'scale_pos_weight': 35, 'n_estimators': 300, 'min_child_weight': 1, 'max_depth': 6, 'learning_rate': 0.05, 'gamma': 0.1, 'colsample_bytree': 0.7}",0.3187422918164009,0.3136433413085765,0.35000046113120975,0.350719323573827,0.3510431329795621,0.3368297101619152,0.01693029139164155,62
